sent_index	word_index	word	region	plausibility	comma	length
1	0	As	Start	plausible	nocomma	long
1	1	the	the1	plausible	nocomma	long
1	2	woman	NP1	plausible	nocomma	long
1	3	edited	VP1	plausible	nocomma	long
1	4	the	the2	plausible	nocomma	long
1	5	magazine	NP2	plausible	nocomma	long
1	6	about	Ext	plausible	nocomma	long
1	7	fishing	Ext	plausible	nocomma	long
1	8	amused	VP2	plausible	nocomma	long
1	9	all	Rest	plausible	nocomma	long
1	10	the	Rest	plausible	nocomma	long
1	11	reporters.	Rest	plausible	nocomma	long
1	12	<eos>	End	plausible	nocomma	long
1	0	As	Start	implausible	nocomma	long
1	1	the	the1	implausible	nocomma	long
1	2	woman	NP1	implausible	nocomma	long
1	3	sailed	VP1	implausible	nocomma	long
1	4	the	the2	implausible	nocomma	long
1	5	magazine	NP2	implausible	nocomma	long
1	6	about	Ext	implausible	nocomma	long
1	7	fishing	Ext	implausible	nocomma	long
1	8	amused	VP2	implausible	nocomma	long
1	9	all	Rest	implausible	nocomma	long
1	10	the	Rest	implausible	nocomma	long
1	11	reporters.	Rest	implausible	nocomma	long
1	12	<eos>	End	implausible	nocomma	long
1	0	As	Start	plausible	comma	long
1	1	the	the1	plausible	comma	long
1	2	woman	NP1	plausible	comma	long
1	3	edited,	VP1	plausible	comma	long
1	4	the	the2	plausible	comma	long
1	5	magazine	NP2	plausible	comma	long
1	6	about	Ext	plausible	comma	long
1	7	fishing	Ext	plausible	comma	long
1	8	amused	VP2	plausible	comma	long
1	9	all	Rest	plausible	comma	long
1	10	the	Rest	plausible	comma	long
1	11	reporters.	Rest	plausible	comma	long
1	12	<eos>	End	plausible	comma	long
1	0	As	Start	implausible	comma	long
1	1	the	the1	implausible	comma	long
1	2	woman	NP1	implausible	comma	long
1	3	sailed,	VP1	implausible	comma	long
1	4	the	the2	implausible	comma	long
1	5	magazine	NP2	implausible	comma	long
1	6	about	Ext	implausible	comma	long
1	7	fishing	Ext	implausible	comma	long
1	8	amused	VP2	implausible	comma	long
1	9	all	Rest	implausible	comma	long
1	10	the	Rest	implausible	comma	long
1	11	reporters.	Rest	implausible	comma	long
1	12	<eos>	End	implausible	comma	long
2	0	As	Start	plausible	nocomma	long
2	1	the	the1	plausible	nocomma	long
2	2	woman	NP1	plausible	nocomma	long
2	3	sailed	VP1	plausible	nocomma	long
2	4	the	the2	plausible	nocomma	long
2	5	yacht	NP2	plausible	nocomma	long
2	6	that	Ext	plausible	nocomma	long
2	7	was	Ext	plausible	nocomma	long
2	8	damaged	Ext	plausible	nocomma	long
2	9	crossed	VP2	plausible	nocomma	long
2	10	the	Rest	plausible	nocomma	long
2	11	bay	Rest	plausible	nocomma	long
2	12	rather	Rest	plausible	nocomma	long
2	13	slowly.	Rest	plausible	nocomma	long
2	14	<eos>	End	plausible	nocomma	long
2	0	As	Start	implausible	nocomma	long
2	1	the	the1	implausible	nocomma	long
2	2	woman	NP1	implausible	nocomma	long
2	3	edited	VP1	implausible	nocomma	long
2	4	the	the2	implausible	nocomma	long
2	5	yacht	NP2	implausible	nocomma	long
2	6	that	Ext	implausible	nocomma	long
2	7	was	Ext	implausible	nocomma	long
2	8	damaged	Ext	implausible	nocomma	long
2	9	crossed	VP2	implausible	nocomma	long
2	10	the	Rest	implausible	nocomma	long
2	11	bay	Rest	implausible	nocomma	long
2	12	rather	Rest	implausible	nocomma	long
2	13	slowly.	Rest	implausible	nocomma	long
2	14	<eos>	End	implausible	nocomma	long
2	0	As	Start	plausible	comma	long
2	1	the	the1	plausible	comma	long
2	2	woman	NP1	plausible	comma	long
2	3	sailed,	VP1	plausible	comma	long
2	4	the	the2	plausible	comma	long
2	5	yacht	NP2	plausible	comma	long
2	6	that	Ext	plausible	comma	long
2	7	was	Ext	plausible	comma	long
2	8	damaged	Ext	plausible	comma	long
2	9	crossed	VP2	plausible	comma	long
2	10	the	Rest	plausible	comma	long
2	11	bay	Rest	plausible	comma	long
2	12	rather	Rest	plausible	comma	long
2	13	slowly.	Rest	plausible	comma	long
2	14	<eos>	End	plausible	comma	long
2	0	As	Start	implausible	comma	long
2	1	the	the1	implausible	comma	long
2	2	woman	NP1	implausible	comma	long
2	3	edited,	VP1	implausible	comma	long
2	4	the	the2	implausible	comma	long
2	5	yacht	NP2	implausible	comma	long
2	6	that	Ext	implausible	comma	long
2	7	was	Ext	implausible	comma	long
2	8	damaged	Ext	implausible	comma	long
2	9	crossed	VP2	implausible	comma	long
2	10	the	Rest	implausible	comma	long
2	11	bay	Rest	implausible	comma	long
2	12	rather	Rest	implausible	comma	long
2	13	slowly.	Rest	implausible	comma	long
2	14	<eos>	End	implausible	comma	long
3	0	After	Start	plausible	nocomma	long
3	1	the	the1	plausible	nocomma	long
3	2	judge	NP1	plausible	nocomma	long
3	3	decided	VP1	plausible	nocomma	long
3	4	the	the2	plausible	nocomma	long
3	5	verdict	NP2	plausible	nocomma	long
3	6	of	Ext	plausible	nocomma	long
3	7	the	Ext	plausible	nocomma	long
3	8	trial	Ext	plausible	nocomma	long
3	9	caught	VP2	plausible	nocomma	long
3	10	the	Rest	plausible	nocomma	long
3	11	old	Rest	plausible	nocomma	long
3	12	man's	Rest	plausible	nocomma	long
3	13	attention.	Rest	plausible	nocomma	long
3	14	<eos>	End	plausible	nocomma	long
3	0	After	Start	implausible	nocomma	long
3	1	the	the1	implausible	nocomma	long
3	2	judge	NP1	implausible	nocomma	long
3	3	packed	VP1	implausible	nocomma	long
3	4	the	the2	implausible	nocomma	long
3	5	verdict	NP2	implausible	nocomma	long
3	6	of	Ext	implausible	nocomma	long
3	7	the	Ext	implausible	nocomma	long
3	8	trial	Ext	implausible	nocomma	long
3	9	caught	VP2	implausible	nocomma	long
3	10	the	Rest	implausible	nocomma	long
3	11	old	Rest	implausible	nocomma	long
3	12	man's	Rest	implausible	nocomma	long
3	13	attention.	Rest	implausible	nocomma	long
3	14	<eos>	End	implausible	nocomma	long
3	0	After	Start	plausible	comma	long
3	1	the	the1	plausible	comma	long
3	2	judge	NP1	plausible	comma	long
3	3	decided,	VP1	plausible	comma	long
3	4	the	the2	plausible	comma	long
3	5	verdict	NP2	plausible	comma	long
3	6	of	Ext	plausible	comma	long
3	7	the	Ext	plausible	comma	long
3	8	trial	Ext	plausible	comma	long
3	9	caught	VP2	plausible	comma	long
3	10	the	Rest	plausible	comma	long
3	11	old	Rest	plausible	comma	long
3	12	man's	Rest	plausible	comma	long
3	13	attention.	Rest	plausible	comma	long
3	14	<eos>	End	plausible	comma	long
3	0	After	Start	implausible	comma	long
3	1	the	the1	implausible	comma	long
3	2	judge	NP1	implausible	comma	long
3	3	packed,	VP1	implausible	comma	long
3	4	the	the2	implausible	comma	long
3	5	verdict	NP2	implausible	comma	long
3	6	of	Ext	implausible	comma	long
3	7	the	Ext	implausible	comma	long
3	8	trial	Ext	implausible	comma	long
3	9	caught	VP2	implausible	comma	long
3	10	the	Rest	implausible	comma	long
3	11	old	Rest	implausible	comma	long
3	12	man's	Rest	implausible	comma	long
3	13	attention.	Rest	implausible	comma	long
3	14	<eos>	End	implausible	comma	long
4	0	After	Start	plausible	nocomma	long
4	1	the	the1	plausible	nocomma	long
4	2	judge	NP1	plausible	nocomma	long
4	3	packed	VP1	plausible	nocomma	long
4	4	the	the2	plausible	nocomma	long
4	5	suitcases	NP2	plausible	nocomma	long
4	6	that	Ext	plausible	nocomma	long
4	7	had	Ext	plausible	nocomma	long
4	8	tags	Ext	plausible	nocomma	long
4	9	burst	VP2	plausible	nocomma	long
4	10	their	Rest	plausible	nocomma	long
4	11	locks.	Rest	plausible	nocomma	long
4	12	<eos>	End	plausible	nocomma	long
4	0	After	Start	implausible	nocomma	long
4	1	the	the1	implausible	nocomma	long
4	2	judge	NP1	implausible	nocomma	long
4	3	decided	VP1	implausible	nocomma	long
4	4	the	the2	implausible	nocomma	long
4	5	suitcases	NP2	implausible	nocomma	long
4	6	that	Ext	implausible	nocomma	long
4	7	had	Ext	implausible	nocomma	long
4	8	tags	Ext	implausible	nocomma	long
4	9	burst	VP2	implausible	nocomma	long
4	10	their	Rest	implausible	nocomma	long
4	11	locks.	Rest	implausible	nocomma	long
4	12	<eos>	End	implausible	nocomma	long
4	0	After	Start	plausible	comma	long
4	1	the	the1	plausible	comma	long
4	2	judge	NP1	plausible	comma	long
4	3	packed,	VP1	plausible	comma	long
4	4	the	the2	plausible	comma	long
4	5	suitcases	NP2	plausible	comma	long
4	6	that	Ext	plausible	comma	long
4	7	had	Ext	plausible	comma	long
4	8	tags	Ext	plausible	comma	long
4	9	burst	VP2	plausible	comma	long
4	10	their	Rest	plausible	comma	long
4	11	locks.	Rest	plausible	comma	long
4	12	<eos>	End	plausible	comma	long
4	0	After	Start	implausible	comma	long
4	1	the	the1	implausible	comma	long
4	2	judge	NP1	implausible	comma	long
4	3	decided,	VP1	implausible	comma	long
4	4	the	the2	implausible	comma	long
4	5	suitcases	NP2	implausible	comma	long
4	6	that	Ext	implausible	comma	long
4	7	had	Ext	implausible	comma	long
4	8	tags	Ext	implausible	comma	long
4	9	burst	VP2	implausible	comma	long
4	10	their	Rest	implausible	comma	long
4	11	locks.	Rest	implausible	comma	long
4	12	<eos>	End	implausible	comma	long
5	0	While	Start	plausible	nocomma	long
5	1	the	the1	plausible	nocomma	long
5	2	motorist	NP1	plausible	nocomma	long
5	3	parks	VP1	plausible	nocomma	long
5	4	the	the2	plausible	nocomma	long
5	5	truck	NP2	plausible	nocomma	long
5	6	that	Ext	plausible	nocomma	long
5	7	was	Ext	plausible	nocomma	long
5	8	noisy	Ext	plausible	nocomma	long
5	9	rushes	VP2	plausible	nocomma	long
5	10	along	Rest	plausible	nocomma	long
5	11	the	Rest	plausible	nocomma	long
5	12	high	Rest	plausible	nocomma	long
5	13	street.	Rest	plausible	nocomma	long
5	14	<eos>	End	plausible	nocomma	long
5	0	While	Start	implausible	nocomma	long
5	1	the	the1	implausible	nocomma	long
5	2	motorist	NP1	implausible	nocomma	long
5	3	writes	VP1	implausible	nocomma	long
5	4	the	the2	implausible	nocomma	long
5	5	truck	NP2	implausible	nocomma	long
5	6	that	Ext	implausible	nocomma	long
5	7	was	Ext	implausible	nocomma	long
5	8	noisy	Ext	implausible	nocomma	long
5	9	rushes	VP2	implausible	nocomma	long
5	10	along	Rest	implausible	nocomma	long
5	11	the	Rest	implausible	nocomma	long
5	12	high	Rest	implausible	nocomma	long
5	13	street.	Rest	implausible	nocomma	long
5	14	<eos>	End	implausible	nocomma	long
5	0	While	Start	plausible	comma	long
5	1	the	the1	plausible	comma	long
5	2	motorist	NP1	plausible	comma	long
5	3	parks,	VP1	plausible	comma	long
5	4	the	the2	plausible	comma	long
5	5	truck	NP2	plausible	comma	long
5	6	that	Ext	plausible	comma	long
5	7	was	Ext	plausible	comma	long
5	8	noisy	Ext	plausible	comma	long
5	9	rushes	VP2	plausible	comma	long
5	10	along	Rest	plausible	comma	long
5	11	the	Rest	plausible	comma	long
5	12	high	Rest	plausible	comma	long
5	13	street.	Rest	plausible	comma	long
5	14	<eos>	End	plausible	comma	long
5	0	While	Start	implausible	comma	long
5	1	the	the1	implausible	comma	long
5	2	motorist	NP1	implausible	comma	long
5	3	writes,	VP1	implausible	comma	long
5	4	the	the2	implausible	comma	long
5	5	truck	NP2	implausible	comma	long
5	6	that	Ext	implausible	comma	long
5	7	was	Ext	implausible	comma	long
5	8	noisy	Ext	implausible	comma	long
5	9	rushes	VP2	implausible	comma	long
5	10	along	Rest	implausible	comma	long
5	11	the	Rest	implausible	comma	long
5	12	high	Rest	implausible	comma	long
5	13	street.	Rest	implausible	comma	long
5	14	<eos>	End	implausible	comma	long
6	0	As	Start	plausible	nocomma	long
6	1	the	the1	plausible	nocomma	long
6	2	motorist	NP1	plausible	nocomma	long
6	3	writes	VP1	plausible	nocomma	long
6	4	the	the2	plausible	nocomma	long
6	5	story	NP2	plausible	nocomma	long
6	6	about	Ext	plausible	nocomma	long
6	7	animals	Ext	plausible	nocomma	long
6	8	remains	VP2	plausible	nocomma	long
6	9	on	Rest	plausible	nocomma	long
6	10	the	Rest	plausible	nocomma	long
6	11	back	Rest	plausible	nocomma	long
6	12	seat.	Rest	plausible	nocomma	long
6	13	<eos>	End	plausible	nocomma	long
6	0	As	Start	implausible	nocomma	long
6	1	the	the1	implausible	nocomma	long
6	2	motorist	NP1	implausible	nocomma	long
6	3	parks	VP1	implausible	nocomma	long
6	4	the	the2	implausible	nocomma	long
6	5	story	NP2	implausible	nocomma	long
6	6	about	Ext	implausible	nocomma	long
6	7	animals	Ext	implausible	nocomma	long
6	8	remains	VP2	implausible	nocomma	long
6	9	on	Rest	implausible	nocomma	long
6	10	the	Rest	implausible	nocomma	long
6	11	back	Rest	implausible	nocomma	long
6	12	seat.	Rest	implausible	nocomma	long
6	13	<eos>	End	implausible	nocomma	long
6	0	As	Start	plausible	comma	long
6	1	the	the1	plausible	comma	long
6	2	motorist	NP1	plausible	comma	long
6	3	writes,	VP1	plausible	comma	long
6	4	the	the2	plausible	comma	long
6	5	story	NP2	plausible	comma	long
6	6	about	Ext	plausible	comma	long
6	7	animals	Ext	plausible	comma	long
6	8	remains	VP2	plausible	comma	long
6	9	on	Rest	plausible	comma	long
6	10	the	Rest	plausible	comma	long
6	11	back	Rest	plausible	comma	long
6	12	seat.	Rest	plausible	comma	long
6	13	<eos>	End	plausible	comma	long
6	0	As	Start	implausible	comma	long
6	1	the	the1	implausible	comma	long
6	2	motorist	NP1	implausible	comma	long
6	3	parks,	VP1	implausible	comma	long
6	4	the	the2	implausible	comma	long
6	5	story	NP2	implausible	comma	long
6	6	about	Ext	implausible	comma	long
6	7	animals	Ext	implausible	comma	long
6	8	remains	VP2	implausible	comma	long
6	9	on	Rest	implausible	comma	long
6	10	the	Rest	implausible	comma	long
6	11	back	Rest	implausible	comma	long
6	12	seat.	Rest	implausible	comma	long
6	13	<eos>	End	implausible	comma	long
7	0	As	Start	plausible	nocomma	long
7	1	the	the1	plausible	nocomma	long
7	2	zoologists	NP1	plausible	nocomma	long
7	3	were	VP1	plausible	nocomma	long
7	4	breeding	VP1	plausible	nocomma	long
7	5	the	the2	plausible	nocomma	long
7	6	tigers	NP2	plausible	nocomma	long
7	7	from	Ext	plausible	nocomma	long
7	8	India	Ext	plausible	nocomma	long
7	9	chewed	VP2	plausible	nocomma	long
7	10	on	Rest	plausible	nocomma	long
7	11	a	Rest	plausible	nocomma	long
7	12	piece	Rest	plausible	nocomma	long
7	13	of	Rest	plausible	nocomma	long
7	14	meat.	Rest	plausible	nocomma	long
7	15	<eos>	End	plausible	nocomma	long
7	0	As	Start	implausible	nocomma	long
7	1	the	the1	implausible	nocomma	long
7	2	zoologists	NP1	implausible	nocomma	long
7	3	were	VP1	implausible	nocomma	long
7	4	typing	VP1	implausible	nocomma	long
7	5	the	the2	implausible	nocomma	long
7	6	tigers	NP2	implausible	nocomma	long
7	7	from	Ext	implausible	nocomma	long
7	8	India	Ext	implausible	nocomma	long
7	9	chewed	VP2	implausible	nocomma	long
7	10	on	Rest	implausible	nocomma	long
7	11	a	Rest	implausible	nocomma	long
7	12	piece	Rest	implausible	nocomma	long
7	13	of	Rest	implausible	nocomma	long
7	14	meat.	Rest	implausible	nocomma	long
7	15	<eos>	End	implausible	nocomma	long
7	0	As	Start	plausible	comma	long
7	1	the	the1	plausible	comma	long
7	2	zoologists	NP1	plausible	comma	long
7	3	were	VP1	plausible	comma	long
7	4	breeding,	VP1	plausible	comma	long
7	5	the	the2	plausible	comma	long
7	6	tigers	NP2	plausible	comma	long
7	7	from	Ext	plausible	comma	long
7	8	India	Ext	plausible	comma	long
7	9	chewed	VP2	plausible	comma	long
7	10	on	Rest	plausible	comma	long
7	11	a	Rest	plausible	comma	long
7	12	piece	Rest	plausible	comma	long
7	13	of	Rest	plausible	comma	long
7	14	meat.	Rest	plausible	comma	long
7	15	<eos>	End	plausible	comma	long
7	0	As	Start	implausible	comma	long
7	1	the	the1	implausible	comma	long
7	2	zoologists	NP1	implausible	comma	long
7	3	were	VP1	implausible	comma	long
7	4	typing,	VP1	implausible	comma	long
7	5	the	the2	implausible	comma	long
7	6	tigers	NP2	implausible	comma	long
7	7	from	Ext	implausible	comma	long
7	8	India	Ext	implausible	comma	long
7	9	chewed	VP2	implausible	comma	long
7	10	on	Rest	implausible	comma	long
7	11	a	Rest	implausible	comma	long
7	12	piece	Rest	implausible	comma	long
7	13	of	Rest	implausible	comma	long
7	14	meat.	Rest	implausible	comma	long
7	15	<eos>	End	implausible	comma	long
8	0	As	Start	plausible	nocomma	long
8	1	the	the1	plausible	nocomma	long
8	2	zoologists	NP1	plausible	nocomma	long
8	3	were	VP1	plausible	nocomma	long
8	4	typing	VP1	plausible	nocomma	long
8	5	the	the2	plausible	nocomma	long
8	6	reports	NP2	plausible	nocomma	long
8	7	about	Ext	plausible	nocomma	long
8	8	apes	Ext	plausible	nocomma	long
8	9	fell	VP2	plausible	nocomma	long
8	10	of	Rest	plausible	nocomma	long
8	11	the	Rest	plausible	nocomma	long
8	12	table.	Rest	plausible	nocomma	long
8	13	<eos>	End	plausible	nocomma	long
8	0	As	Start	implausible	nocomma	long
8	1	the	the1	implausible	nocomma	long
8	2	zoologists	NP1	implausible	nocomma	long
8	3	were	VP1	implausible	nocomma	long
8	4	breeding	VP1	implausible	nocomma	long
8	5	the	the2	implausible	nocomma	long
8	6	reports	NP2	implausible	nocomma	long
8	7	about	Ext	implausible	nocomma	long
8	8	apes	Ext	implausible	nocomma	long
8	9	fell	VP2	implausible	nocomma	long
8	10	of	Rest	implausible	nocomma	long
8	11	the	Rest	implausible	nocomma	long
8	12	table.	Rest	implausible	nocomma	long
8	13	<eos>	End	implausible	nocomma	long
8	0	As	Start	plausible	comma	long
8	1	the	the1	plausible	comma	long
8	2	zoologists	NP1	plausible	comma	long
8	3	were	VP1	plausible	comma	long
8	4	typing,	VP1	plausible	comma	long
8	5	the	the2	plausible	comma	long
8	6	reports	NP2	plausible	comma	long
8	7	about	Ext	plausible	comma	long
8	8	apes	Ext	plausible	comma	long
8	9	fell	VP2	plausible	comma	long
8	10	of	Rest	plausible	comma	long
8	11	the	Rest	plausible	comma	long
8	12	table.	Rest	plausible	comma	long
8	13	<eos>	End	plausible	comma	long
8	0	As	Start	implausible	comma	long
8	1	the	the1	implausible	comma	long
8	2	zoologists	NP1	implausible	comma	long
8	3	were	VP1	implausible	comma	long
8	4	breeding,	VP1	implausible	comma	long
8	5	the	the2	implausible	comma	long
8	6	reports	NP2	implausible	comma	long
8	7	about	Ext	implausible	comma	long
8	8	apes	Ext	implausible	comma	long
8	9	fell	VP2	implausible	comma	long
8	10	of	Rest	implausible	comma	long
8	11	the	Rest	implausible	comma	long
8	12	table.	Rest	implausible	comma	long
8	13	<eos>	End	implausible	comma	long
9	0	Whilst	Start	plausible	nocomma	long
9	1	the	the1	plausible	nocomma	long
9	2	man	NP1	plausible	nocomma	long
9	3	reads	VP1	plausible	nocomma	long
9	4	the	the2	plausible	nocomma	long
9	5	books	NP2	plausible	nocomma	long
9	6	about	Ext	plausible	nocomma	long
9	7	gardening	Ext	plausible	nocomma	long
9	8	seemed	VP2	plausible	nocomma	long
9	9	somewhat	Rest	plausible	nocomma	long
9	10	confusing.	Rest	plausible	nocomma	long
9	11	<eos>	End	plausible	nocomma	long
9	0	Whilst	Start	implausible	nocomma	long
9	1	the	the1	implausible	nocomma	long
9	2	man	NP1	implausible	nocomma	long
9	3	eats	VP1	implausible	nocomma	long
9	4	the	the2	implausible	nocomma	long
9	5	books	NP2	implausible	nocomma	long
9	6	about	Ext	implausible	nocomma	long
9	7	gardening	Ext	implausible	nocomma	long
9	8	seemed	VP2	implausible	nocomma	long
9	9	somewhat	Rest	implausible	nocomma	long
9	10	confusing.	Rest	implausible	nocomma	long
9	11	<eos>	End	implausible	nocomma	long
9	0	Whilst	Start	plausible	comma	long
9	1	the	the1	plausible	comma	long
9	2	man	NP1	plausible	comma	long
9	3	reads,	VP1	plausible	comma	long
9	4	the	the2	plausible	comma	long
9	5	books	NP2	plausible	comma	long
9	6	about	Ext	plausible	comma	long
9	7	gardening	Ext	plausible	comma	long
9	8	seemed	VP2	plausible	comma	long
9	9	somewhat	Rest	plausible	comma	long
9	10	confusing.	Rest	plausible	comma	long
9	11	<eos>	End	plausible	comma	long
9	0	Whilst	Start	implausible	comma	long
9	1	the	the1	implausible	comma	long
9	2	man	NP1	implausible	comma	long
9	3	eats,	VP1	implausible	comma	long
9	4	the	the2	implausible	comma	long
9	5	books	NP2	implausible	comma	long
9	6	about	Ext	implausible	comma	long
9	7	gardening	Ext	implausible	comma	long
9	8	seemed	VP2	implausible	comma	long
9	9	somewhat	Rest	implausible	comma	long
9	10	confusing.	Rest	implausible	comma	long
9	11	<eos>	End	implausible	comma	long
10	0	Before	Start	plausible	nocomma	long
10	1	the	the1	plausible	nocomma	long
10	2	man	NP1	plausible	nocomma	long
10	3	eats	VP1	plausible	nocomma	long
10	4	the	the2	plausible	nocomma	long
10	5	sandwich	NP2	plausible	nocomma	long
10	6	from	Ext	plausible	nocomma	long
10	7	the	Ext	plausible	nocomma	long
10	8	bakery	Ext	plausible	nocomma	long
10	9	looked	VP2	plausible	nocomma	long
10	10	really	Rest	plausible	nocomma	long
10	11	appetising.	Rest	plausible	nocomma	long
10	12	<eos>	End	plausible	nocomma	long
10	0	Before	Start	implausible	nocomma	long
10	1	the	the1	implausible	nocomma	long
10	2	man	NP1	implausible	nocomma	long
10	3	reads	VP1	implausible	nocomma	long
10	4	the	the2	implausible	nocomma	long
10	5	sandwich	NP2	implausible	nocomma	long
10	6	from	Ext	implausible	nocomma	long
10	7	the	Ext	implausible	nocomma	long
10	8	bakery	Ext	implausible	nocomma	long
10	9	looked	VP2	implausible	nocomma	long
10	10	really	Rest	implausible	nocomma	long
10	11	appetising.	Rest	implausible	nocomma	long
10	12	<eos>	End	implausible	nocomma	long
10	0	Before	Start	plausible	comma	long
10	1	the	the1	plausible	comma	long
10	2	man	NP1	plausible	comma	long
10	3	eats,	VP1	plausible	comma	long
10	4	the	the2	plausible	comma	long
10	5	sandwich	NP2	plausible	comma	long
10	6	from	Ext	plausible	comma	long
10	7	the	Ext	plausible	comma	long
10	8	bakery	Ext	plausible	comma	long
10	9	looked	VP2	plausible	comma	long
10	10	really	Rest	plausible	comma	long
10	11	appetising.	Rest	plausible	comma	long
10	12	<eos>	End	plausible	comma	long
10	0	Before	Start	implausible	comma	long
10	1	the	the1	implausible	comma	long
10	2	man	NP1	implausible	comma	long
10	3	reads,	VP1	implausible	comma	long
10	4	the	the2	implausible	comma	long
10	5	sandwich	NP2	implausible	comma	long
10	6	from	Ext	implausible	comma	long
10	7	the	Ext	implausible	comma	long
10	8	bakery	Ext	implausible	comma	long
10	9	looked	VP2	implausible	comma	long
10	10	really	Rest	implausible	comma	long
10	11	appetising.	Rest	implausible	comma	long
10	12	<eos>	End	implausible	comma	long
11	0	When	Start	plausible	nocomma	long
11	1	the	the1	plausible	nocomma	long
11	2	cleaners	NP1	plausible	nocomma	long
11	3	were	VP1	plausible	nocomma	long
11	4	rubbing	VP1	plausible	nocomma	long
11	5	the	the2	plausible	nocomma	long
11	6	paint	NP2	plausible	nocomma	long
11	7	that	Ext	plausible	nocomma	long
11	8	dried	Ext	plausible	nocomma	long
11	9	stained	VP2	plausible	nocomma	long
11	10	the	Rest	plausible	nocomma	long
11	11	new	Rest	plausible	nocomma	long
11	12	carpet.	Rest	plausible	nocomma	long
11	13	<eos>	End	plausible	nocomma	long
11	0	When	Start	implausible	nocomma	long
11	1	the	the1	implausible	nocomma	long
11	2	cleaners	NP1	implausible	nocomma	long
11	3	were	VP1	implausible	nocomma	long
11	4	running	VP1	implausible	nocomma	long
11	5	the	the2	implausible	nocomma	long
11	6	paint	NP2	implausible	nocomma	long
11	7	that	Ext	implausible	nocomma	long
11	8	dried	Ext	implausible	nocomma	long
11	9	stained	VP2	implausible	nocomma	long
11	10	the	Rest	implausible	nocomma	long
11	11	new	Rest	implausible	nocomma	long
11	12	carpet.	Rest	implausible	nocomma	long
11	13	<eos>	End	implausible	nocomma	long
11	0	When	Start	plausible	comma	long
11	1	the	the1	plausible	comma	long
11	2	cleaners	NP1	plausible	comma	long
11	3	were	VP1	plausible	comma	long
11	4	rubbing,	VP1	plausible	comma	long
11	5	the	the2	plausible	comma	long
11	6	paint	NP2	plausible	comma	long
11	7	that	Ext	plausible	comma	long
11	8	dried	Ext	plausible	comma	long
11	9	stained	VP2	plausible	comma	long
11	10	the	Rest	plausible	comma	long
11	11	new	Rest	plausible	comma	long
11	12	carpet.	Rest	plausible	comma	long
11	13	<eos>	End	plausible	comma	long
11	0	When	Start	implausible	comma	long
11	1	the	the1	implausible	comma	long
11	2	cleaners	NP1	implausible	comma	long
11	3	were	VP1	implausible	comma	long
11	4	running,	VP1	implausible	comma	long
11	5	the	the2	implausible	comma	long
11	6	paint	NP2	implausible	comma	long
11	7	that	Ext	implausible	comma	long
11	8	dried	Ext	implausible	comma	long
11	9	stained	VP2	implausible	comma	long
11	10	the	Rest	implausible	comma	long
11	11	new	Rest	implausible	comma	long
11	12	carpet.	Rest	implausible	comma	long
11	13	<eos>	End	implausible	comma	long
12	0	As	Start	plausible	nocomma	long
12	1	the	the1	plausible	nocomma	long
12	2	cleaners	NP1	plausible	nocomma	long
12	3	were	VP1	plausible	nocomma	long
12	4	running	VP1	plausible	nocomma	long
12	5	the	the2	plausible	nocomma	long
12	6	errands	NP2	plausible	nocomma	long
12	7	that	Ext	plausible	nocomma	long
12	8	I	Ext	plausible	nocomma	long
12	9	set	Ext	plausible	nocomma	long
12	10	remained	VP2	plausible	nocomma	long
12	11	at	Rest	plausible	nocomma	long
12	12	the	Rest	plausible	nocomma	long
12	13	end	Rest	plausible	nocomma	long
12	14	of	Rest	plausible	nocomma	long
12	15	the	Rest	plausible	nocomma	long
12	16	list.	Rest	plausible	nocomma	long
12	17	<eos>	End	plausible	nocomma	long
12	0	As	Start	implausible	nocomma	long
12	1	the	the1	implausible	nocomma	long
12	2	cleaners	NP1	implausible	nocomma	long
12	3	were	VP1	implausible	nocomma	long
12	4	rubbing	VP1	implausible	nocomma	long
12	5	the	the2	implausible	nocomma	long
12	6	errands	NP2	implausible	nocomma	long
12	7	that	Ext	implausible	nocomma	long
12	8	I	Ext	implausible	nocomma	long
12	9	set	Ext	implausible	nocomma	long
12	10	remained	VP2	implausible	nocomma	long
12	11	at	Rest	implausible	nocomma	long
12	12	the	Rest	implausible	nocomma	long
12	13	end	Rest	implausible	nocomma	long
12	14	of	Rest	implausible	nocomma	long
12	15	the	Rest	implausible	nocomma	long
12	16	list.	Rest	implausible	nocomma	long
12	17	<eos>	End	implausible	nocomma	long
12	0	As	Start	plausible	comma	long
12	1	the	the1	plausible	comma	long
12	2	cleaners	NP1	plausible	comma	long
12	3	were	VP1	plausible	comma	long
12	4	running,	VP1	plausible	comma	long
12	5	the	the2	plausible	comma	long
12	6	errands	NP2	plausible	comma	long
12	7	that	Ext	plausible	comma	long
12	8	I	Ext	plausible	comma	long
12	9	set	Ext	plausible	comma	long
12	10	remained	VP2	plausible	comma	long
12	11	at	Rest	plausible	comma	long
12	12	the	Rest	plausible	comma	long
12	13	end	Rest	plausible	comma	long
12	14	of	Rest	plausible	comma	long
12	15	the	Rest	plausible	comma	long
12	16	list.	Rest	plausible	comma	long
12	17	<eos>	End	plausible	comma	long
12	0	As	Start	implausible	comma	long
12	1	the	the1	implausible	comma	long
12	2	cleaners	NP1	implausible	comma	long
12	3	were	VP1	implausible	comma	long
12	4	rubbing,	VP1	implausible	comma	long
12	5	the	the2	implausible	comma	long
12	6	errands	NP2	implausible	comma	long
12	7	that	Ext	implausible	comma	long
12	8	I	Ext	implausible	comma	long
12	9	set	Ext	implausible	comma	long
12	10	remained	VP2	implausible	comma	long
12	11	at	Rest	implausible	comma	long
12	12	the	Rest	implausible	comma	long
12	13	end	Rest	implausible	comma	long
12	14	of	Rest	implausible	comma	long
12	15	the	Rest	implausible	comma	long
12	16	list.	Rest	implausible	comma	long
12	17	<eos>	End	implausible	comma	long
13	0	Whilst	Start	plausible	nocomma	long
13	1	the	the1	plausible	nocomma	long
13	2	janitor	NP1	plausible	nocomma	long
13	3	polished	VP1	plausible	nocomma	long
13	4	the	the2	plausible	nocomma	long
13	5	floor	NP2	plausible	nocomma	long
13	6	of	Ext	plausible	nocomma	long
13	7	the	Ext	plausible	nocomma	long
13	8	hall	Ext	plausible	nocomma	long
13	9	shone	VP2	plausible	nocomma	long
13	10	rather	Rest	plausible	nocomma	long
13	11	brightly.	Rest	plausible	nocomma	long
13	12	<eos>	End	plausible	nocomma	long
13	0	Whilst	Start	implausible	nocomma	long
13	1	the	the1	implausible	nocomma	long
13	2	janitor	NP1	implausible	nocomma	long
13	3	followed	VP1	implausible	nocomma	long
13	4	the	the2	implausible	nocomma	long
13	5	floor	NP2	implausible	nocomma	long
13	6	of	Ext	implausible	nocomma	long
13	7	the	Ext	implausible	nocomma	long
13	8	hall	Ext	implausible	nocomma	long
13	9	shone	VP2	implausible	nocomma	long
13	10	rather	Rest	implausible	nocomma	long
13	11	brightly.	Rest	implausible	nocomma	long
13	12	<eos>	End	implausible	nocomma	long
13	0	Whilst	Start	plausible	comma	long
13	1	the	the1	plausible	comma	long
13	2	janitor	NP1	plausible	comma	long
13	3	polished,	VP1	plausible	comma	long
13	4	the	the2	plausible	comma	long
13	5	floor	NP2	plausible	comma	long
13	6	of	Ext	plausible	comma	long
13	7	the	Ext	plausible	comma	long
13	8	hall	Ext	plausible	comma	long
13	9	shone	VP2	plausible	comma	long
13	10	rather	Rest	plausible	comma	long
13	11	brightly.	Rest	plausible	comma	long
13	12	<eos>	End	plausible	comma	long
13	0	Whilst	Start	implausible	comma	long
13	1	the	the1	implausible	comma	long
13	2	janitor	NP1	implausible	comma	long
13	3	followed,	VP1	implausible	comma	long
13	4	the	the2	implausible	comma	long
13	5	floor	NP2	implausible	comma	long
13	6	of	Ext	implausible	comma	long
13	7	the	Ext	implausible	comma	long
13	8	hall	Ext	implausible	comma	long
13	9	shone	VP2	implausible	comma	long
13	10	rather	Rest	implausible	comma	long
13	11	brightly.	Rest	implausible	comma	long
13	12	<eos>	End	implausible	comma	long
14	0	As	Start	plausible	nocomma	long
14	1	the	the1	plausible	nocomma	long
14	2	janitor	NP1	plausible	nocomma	long
14	3	followed	VP1	plausible	nocomma	long
14	4	the	the2	plausible	nocomma	long
14	5	professors	NP2	plausible	nocomma	long
14	6	of	Ext	plausible	nocomma	long
14	7	maths	Ext	plausible	nocomma	long
14	8	talked	VP2	plausible	nocomma	long
14	9	about	Rest	plausible	nocomma	long
14	10	the	Rest	plausible	nocomma	long
14	11	first	Rest	plausible	nocomma	long
14	12	year	Rest	plausible	nocomma	long
14	13	exam.	Rest	plausible	nocomma	long
14	14	<eos>	End	plausible	nocomma	long
14	0	As	Start	implausible	nocomma	long
14	1	the	the1	implausible	nocomma	long
14	2	janitor	NP1	implausible	nocomma	long
14	3	polished	VP1	implausible	nocomma	long
14	4	the	the2	implausible	nocomma	long
14	5	professors	NP2	implausible	nocomma	long
14	6	of	Ext	implausible	nocomma	long
14	7	maths	Ext	implausible	nocomma	long
14	8	talked	VP2	implausible	nocomma	long
14	9	about	Rest	implausible	nocomma	long
14	10	the	Rest	implausible	nocomma	long
14	11	first	Rest	implausible	nocomma	long
14	12	year	Rest	implausible	nocomma	long
14	13	exam.	Rest	implausible	nocomma	long
14	14	<eos>	End	implausible	nocomma	long
14	0	As	Start	plausible	comma	long
14	1	the	the1	plausible	comma	long
14	2	janitor	NP1	plausible	comma	long
14	3	followed,	VP1	plausible	comma	long
14	4	the	the2	plausible	comma	long
14	5	professors	NP2	plausible	comma	long
14	6	of	Ext	plausible	comma	long
14	7	maths	Ext	plausible	comma	long
14	8	talked	VP2	plausible	comma	long
14	9	about	Rest	plausible	comma	long
14	10	the	Rest	plausible	comma	long
14	11	first	Rest	plausible	comma	long
14	12	year	Rest	plausible	comma	long
14	13	exam.	Rest	plausible	comma	long
14	14	<eos>	End	plausible	comma	long
14	0	As	Start	implausible	comma	long
14	1	the	the1	implausible	comma	long
14	2	janitor	NP1	implausible	comma	long
14	3	polished,	VP1	implausible	comma	long
14	4	the	the2	implausible	comma	long
14	5	professors	NP2	implausible	comma	long
14	6	of	Ext	implausible	comma	long
14	7	maths	Ext	implausible	comma	long
14	8	talked	VP2	implausible	comma	long
14	9	about	Rest	implausible	comma	long
14	10	the	Rest	implausible	comma	long
14	11	first	Rest	implausible	comma	long
14	12	year	Rest	implausible	comma	long
14	13	exam.	Rest	implausible	comma	long
14	14	<eos>	End	implausible	comma	long
15	0	As	Start	plausible	nocomma	long
15	1	the	the1	plausible	nocomma	long
15	2	cowboys	NP1	plausible	nocomma	long
15	3	roped	VP1	plausible	nocomma	long
15	4	the	the2	plausible	nocomma	long
15	5	horses	NP2	plausible	nocomma	long
15	6	that	Ext	plausible	nocomma	long
15	7	had	Ext	plausible	nocomma	long
15	8	escaped	Ext	plausible	nocomma	long
15	9	charged	VP2	plausible	nocomma	long
15	10	across	Rest	plausible	nocomma	long
15	11	the	Rest	plausible	nocomma	long
15	12	ranch.	Rest	plausible	nocomma	long
15	13	<eos>	End	plausible	nocomma	long
15	0	As	Start	implausible	nocomma	long
15	1	the	the1	implausible	nocomma	long
15	2	cowboys	NP1	implausible	nocomma	long
15	3	drank	VP1	implausible	nocomma	long
15	4	the	the2	implausible	nocomma	long
15	5	horses	NP2	implausible	nocomma	long
15	6	that	Ext	implausible	nocomma	long
15	7	had	Ext	implausible	nocomma	long
15	8	escaped	Ext	implausible	nocomma	long
15	9	charged	VP2	implausible	nocomma	long
15	10	across	Rest	implausible	nocomma	long
15	11	the	Rest	implausible	nocomma	long
15	12	ranch.	Rest	implausible	nocomma	long
15	13	<eos>	End	implausible	nocomma	long
15	0	As	Start	plausible	comma	long
15	1	the	the1	plausible	comma	long
15	2	cowboys	NP1	plausible	comma	long
15	3	roped,	VP1	plausible	comma	long
15	4	the	the2	plausible	comma	long
15	5	horses	NP2	plausible	comma	long
15	6	that	Ext	plausible	comma	long
15	7	had	Ext	plausible	comma	long
15	8	escaped	Ext	plausible	comma	long
15	9	charged	VP2	plausible	comma	long
15	10	across	Rest	plausible	comma	long
15	11	the	Rest	plausible	comma	long
15	12	ranch.	Rest	plausible	comma	long
15	13	<eos>	End	plausible	comma	long
15	0	As	Start	implausible	comma	long
15	1	the	the1	implausible	comma	long
15	2	cowboys	NP1	implausible	comma	long
15	3	drank,	VP1	implausible	comma	long
15	4	the	the2	implausible	comma	long
15	5	horses	NP2	implausible	comma	long
15	6	that	Ext	implausible	comma	long
15	7	had	Ext	implausible	comma	long
15	8	escaped	Ext	implausible	comma	long
15	9	charged	VP2	implausible	comma	long
15	10	across	Rest	implausible	comma	long
15	11	the	Rest	implausible	comma	long
15	12	ranch.	Rest	implausible	comma	long
15	13	<eos>	End	implausible	comma	long
16	0	As	Start	plausible	nocomma	long
16	1	the	the1	plausible	nocomma	long
16	2	cowboys	NP1	plausible	nocomma	long
16	3	drank	VP1	plausible	nocomma	long
16	4	the	the2	plausible	nocomma	long
16	5	whiskey	NP2	plausible	nocomma	long
16	6	that	Ext	plausible	nocomma	long
16	7	tasted	Ext	plausible	nocomma	long
16	8	bad	Ext	plausible	nocomma	long
16	9	disgusted	VP2	plausible	nocomma	long
16	10	the	Rest	plausible	nocomma	long
16	11	saloon	Rest	plausible	nocomma	long
16	12	owner.	Rest	plausible	nocomma	long
16	13	<eos>	End	plausible	nocomma	long
16	0	As	Start	implausible	nocomma	long
16	1	the	the1	implausible	nocomma	long
16	2	cowboys	NP1	implausible	nocomma	long
16	3	roped	VP1	implausible	nocomma	long
16	4	the	the2	implausible	nocomma	long
16	5	whiskey	NP2	implausible	nocomma	long
16	6	that	Ext	implausible	nocomma	long
16	7	tasted	Ext	implausible	nocomma	long
16	8	bad	Ext	implausible	nocomma	long
16	9	disgusted	VP2	implausible	nocomma	long
16	10	the	Rest	implausible	nocomma	long
16	11	saloon	Rest	implausible	nocomma	long
16	12	owner.	Rest	implausible	nocomma	long
16	13	<eos>	End	implausible	nocomma	long
16	0	As	Start	plausible	comma	long
16	1	the	the1	plausible	comma	long
16	2	cowboys	NP1	plausible	comma	long
16	3	drank,	VP1	plausible	comma	long
16	4	the	the2	plausible	comma	long
16	5	whiskey	NP2	plausible	comma	long
16	6	that	Ext	plausible	comma	long
16	7	tasted	Ext	plausible	comma	long
16	8	bad	Ext	plausible	comma	long
16	9	disgusted	VP2	plausible	comma	long
16	10	the	Rest	plausible	comma	long
16	11	saloon	Rest	plausible	comma	long
16	12	owner.	Rest	plausible	comma	long
16	13	<eos>	End	plausible	comma	long
16	0	As	Start	implausible	comma	long
16	1	the	the1	implausible	comma	long
16	2	cowboys	NP1	implausible	comma	long
16	3	roped,	VP1	implausible	comma	long
16	4	the	the2	implausible	comma	long
16	5	whiskey	NP2	implausible	comma	long
16	6	that	Ext	implausible	comma	long
16	7	tasted	Ext	implausible	comma	long
16	8	bad	Ext	implausible	comma	long
16	9	disgusted	VP2	implausible	comma	long
16	10	the	Rest	implausible	comma	long
16	11	saloon	Rest	implausible	comma	long
16	12	owner.	Rest	implausible	comma	long
16	13	<eos>	End	implausible	comma	long
17	0	As	Start	plausible	nocomma	long
17	1	the	the1	plausible	nocomma	long
17	2	scientist	NP1	plausible	nocomma	long
17	3	was	VP1	plausible	nocomma	long
17	4	inventing	VP1	plausible	nocomma	long
17	5	the	the2	plausible	nocomma	long
17	6	light	NP2	plausible	nocomma	long
17	7	that	Ext	plausible	nocomma	long
17	8	worked	Ext	plausible	nocomma	long
17	9	created	VP2	plausible	nocomma	long
17	10	an	Rest	plausible	nocomma	long
17	11	enormous	Rest	plausible	nocomma	long
17	12	demand.	Rest	plausible	nocomma	long
17	13	<eos>	End	plausible	nocomma	long
17	0	As	Start	implausible	nocomma	long
17	1	the	the1	implausible	nocomma	long
17	2	scientist	NP1	implausible	nocomma	long
17	3	was	VP1	implausible	nocomma	long
17	4	teaching	VP1	implausible	nocomma	long
17	5	the	the2	implausible	nocomma	long
17	6	light	NP2	implausible	nocomma	long
17	7	that	Ext	implausible	nocomma	long
17	8	worked	Ext	implausible	nocomma	long
17	9	created	VP2	implausible	nocomma	long
17	10	an	Rest	implausible	nocomma	long
17	11	enormous	Rest	implausible	nocomma	long
17	12	demand.	Rest	implausible	nocomma	long
17	13	<eos>	End	implausible	nocomma	long
17	0	As	Start	plausible	comma	long
17	1	the	the1	plausible	comma	long
17	2	scientist	NP1	plausible	comma	long
17	3	was	VP1	plausible	comma	long
17	4	inventing,	VP1	plausible	comma	long
17	5	the	the2	plausible	comma	long
17	6	light	NP2	plausible	comma	long
17	7	that	Ext	plausible	comma	long
17	8	worked	Ext	plausible	comma	long
17	9	created	VP2	plausible	comma	long
17	10	an	Rest	plausible	comma	long
17	11	enormous	Rest	plausible	comma	long
17	12	demand.	Rest	plausible	comma	long
17	13	<eos>	End	plausible	comma	long
17	0	As	Start	implausible	comma	long
17	1	the	the1	implausible	comma	long
17	2	scientist	NP1	implausible	comma	long
17	3	was	VP1	implausible	comma	long
17	4	teaching,	VP1	implausible	comma	long
17	5	the	the2	implausible	comma	long
17	6	light	NP2	implausible	comma	long
17	7	that	Ext	implausible	comma	long
17	8	worked	Ext	implausible	comma	long
17	9	created	VP2	implausible	comma	long
17	10	an	Rest	implausible	comma	long
17	11	enormous	Rest	implausible	comma	long
17	12	demand.	Rest	implausible	comma	long
17	13	<eos>	End	implausible	comma	long
18	0	When	Start	plausible	nocomma	long
18	1	the	the1	plausible	nocomma	long
18	2	scientist	NP1	plausible	nocomma	long
18	3	was	VP1	plausible	nocomma	long
18	4	teaching	VP1	plausible	nocomma	long
18	5	the	the2	plausible	nocomma	long
18	6	student	NP2	plausible	nocomma	long
18	7	of	Ext	plausible	nocomma	long
18	8	botany	Ext	plausible	nocomma	long
18	9	took	VP2	plausible	nocomma	long
18	10	the	Rest	plausible	nocomma	long
18	11	books	Rest	plausible	nocomma	long
18	12	away.	Rest	plausible	nocomma	long
18	13	<eos>	End	plausible	nocomma	long
18	0	When	Start	implausible	nocomma	long
18	1	the	the1	implausible	nocomma	long
18	2	scientist	NP1	implausible	nocomma	long
18	3	was	VP1	implausible	nocomma	long
18	4	inventing	VP1	implausible	nocomma	long
18	5	the	the2	implausible	nocomma	long
18	6	student	NP2	implausible	nocomma	long
18	7	of	Ext	implausible	nocomma	long
18	8	botany	Ext	implausible	nocomma	long
18	9	took	VP2	implausible	nocomma	long
18	10	the	Rest	implausible	nocomma	long
18	11	books	Rest	implausible	nocomma	long
18	12	away.	Rest	implausible	nocomma	long
18	13	<eos>	End	implausible	nocomma	long
18	0	When	Start	plausible	comma	long
18	1	the	the1	plausible	comma	long
18	2	scientist	NP1	plausible	comma	long
18	3	was	VP1	plausible	comma	long
18	4	teaching,	VP1	plausible	comma	long
18	5	the	the2	plausible	comma	long
18	6	student	NP2	plausible	comma	long
18	7	of	Ext	plausible	comma	long
18	8	botany	Ext	plausible	comma	long
18	9	took	VP2	plausible	comma	long
18	10	the	Rest	plausible	comma	long
18	11	books	Rest	plausible	comma	long
18	12	away.	Rest	plausible	comma	long
18	13	<eos>	End	plausible	comma	long
18	0	When	Start	implausible	comma	long
18	1	the	the1	implausible	comma	long
18	2	scientist	NP1	implausible	comma	long
18	3	was	VP1	implausible	comma	long
18	4	inventing,	VP1	implausible	comma	long
18	5	the	the2	implausible	comma	long
18	6	student	NP2	implausible	comma	long
18	7	of	Ext	implausible	comma	long
18	8	botany	Ext	implausible	comma	long
18	9	took	VP2	implausible	comma	long
18	10	the	Rest	implausible	comma	long
18	11	books	Rest	implausible	comma	long
18	12	away.	Rest	implausible	comma	long
18	13	<eos>	End	implausible	comma	long
19	0	As	Start	plausible	nocomma	long
19	1	the	the1	plausible	nocomma	long
19	2	artist	NP1	plausible	nocomma	long
19	3	paints	VP1	plausible	nocomma	long
19	4	the	the2	plausible	nocomma	long
19	5	picture	NP2	plausible	nocomma	long
19	6	of	Ext	plausible	nocomma	long
19	7	the	Ext	plausible	nocomma	long
19	8	roses	Ext	plausible	nocomma	long
19	9	pleases	VP2	plausible	nocomma	long
19	10	all	Rest	plausible	nocomma	long
19	11	the	Rest	plausible	nocomma	long
19	12	critics	Rest	plausible	nocomma	long
19	13	greatly.	Rest	plausible	nocomma	long
19	14	<eos>	End	plausible	nocomma	long
19	0	As	Start	implausible	nocomma	long
19	1	the	the1	implausible	nocomma	long
19	2	artist	NP1	implausible	nocomma	long
19	3	sings	VP1	implausible	nocomma	long
19	4	the	the2	implausible	nocomma	long
19	5	picture	NP2	implausible	nocomma	long
19	6	of	Ext	implausible	nocomma	long
19	7	the	Ext	implausible	nocomma	long
19	8	roses	Ext	implausible	nocomma	long
19	9	pleases	VP2	implausible	nocomma	long
19	10	all	Rest	implausible	nocomma	long
19	11	the	Rest	implausible	nocomma	long
19	12	critics	Rest	implausible	nocomma	long
19	13	greatly.	Rest	implausible	nocomma	long
19	14	<eos>	End	implausible	nocomma	long
19	0	As	Start	plausible	comma	long
19	1	the	the1	plausible	comma	long
19	2	artist	NP1	plausible	comma	long
19	3	paints,	VP1	plausible	comma	long
19	4	the	the2	plausible	comma	long
19	5	picture	NP2	plausible	comma	long
19	6	of	Ext	plausible	comma	long
19	7	the	Ext	plausible	comma	long
19	8	roses	Ext	plausible	comma	long
19	9	pleases	VP2	plausible	comma	long
19	10	all	Rest	plausible	comma	long
19	11	the	Rest	plausible	comma	long
19	12	critics	Rest	plausible	comma	long
19	13	greatly.	Rest	plausible	comma	long
19	14	<eos>	End	plausible	comma	long
19	0	As	Start	implausible	comma	long
19	1	the	the1	implausible	comma	long
19	2	artist	NP1	implausible	comma	long
19	3	sings,	VP1	implausible	comma	long
19	4	the	the2	implausible	comma	long
19	5	picture	NP2	implausible	comma	long
19	6	of	Ext	implausible	comma	long
19	7	the	Ext	implausible	comma	long
19	8	roses	Ext	implausible	comma	long
19	9	pleases	VP2	implausible	comma	long
19	10	all	Rest	implausible	comma	long
19	11	the	Rest	implausible	comma	long
19	12	critics	Rest	implausible	comma	long
19	13	greatly.	Rest	implausible	comma	long
19	14	<eos>	End	implausible	comma	long
20	0	When	Start	plausible	nocomma	long
20	1	the	the1	plausible	nocomma	long
20	2	artist	NP1	plausible	nocomma	long
20	3	sang	VP1	plausible	nocomma	long
20	4	the	the2	plausible	nocomma	long
20	5	song	NP2	plausible	nocomma	long
20	6	about	Ext	plausible	nocomma	long
20	7	young	Ext	plausible	nocomma	long
20	8	love	Ext	plausible	nocomma	long
20	9	annoyed	VP2	plausible	nocomma	long
20	10	quite	Rest	plausible	nocomma	long
20	11	a	Rest	plausible	nocomma	long
20	12	few	Rest	plausible	nocomma	long
20	13	people.	Rest	plausible	nocomma	long
20	14	<eos>	End	plausible	nocomma	long
20	0	When	Start	implausible	nocomma	long
20	1	the	the1	implausible	nocomma	long
20	2	artist	NP1	implausible	nocomma	long
20	3	painted	VP1	implausible	nocomma	long
20	4	the	the2	implausible	nocomma	long
20	5	song	NP2	implausible	nocomma	long
20	6	about	Ext	implausible	nocomma	long
20	7	young	Ext	implausible	nocomma	long
20	8	love	Ext	implausible	nocomma	long
20	9	annoyed	VP2	implausible	nocomma	long
20	10	quite	Rest	implausible	nocomma	long
20	11	a	Rest	implausible	nocomma	long
20	12	few	Rest	implausible	nocomma	long
20	13	people.	Rest	implausible	nocomma	long
20	14	<eos>	End	implausible	nocomma	long
20	0	When	Start	plausible	comma	long
20	1	the	the1	plausible	comma	long
20	2	artist	NP1	plausible	comma	long
20	3	sang,	VP1	plausible	comma	long
20	4	the	the2	plausible	comma	long
20	5	song	NP2	plausible	comma	long
20	6	about	Ext	plausible	comma	long
20	7	young	Ext	plausible	comma	long
20	8	love	Ext	plausible	comma	long
20	9	annoyed	VP2	plausible	comma	long
20	10	quite	Rest	plausible	comma	long
20	11	a	Rest	plausible	comma	long
20	12	few	Rest	plausible	comma	long
20	13	people.	Rest	plausible	comma	long
20	14	<eos>	End	plausible	comma	long
20	0	When	Start	implausible	comma	long
20	1	the	the1	implausible	comma	long
20	2	artist	NP1	implausible	comma	long
20	3	painted,	VP1	implausible	comma	long
20	4	the	the2	implausible	comma	long
20	5	song	NP2	implausible	comma	long
20	6	about	Ext	implausible	comma	long
20	7	young	Ext	implausible	comma	long
20	8	love	Ext	implausible	comma	long
20	9	annoyed	VP2	implausible	comma	long
20	10	quite	Rest	implausible	comma	long
20	11	a	Rest	implausible	comma	long
20	12	few	Rest	implausible	comma	long
20	13	people.	Rest	implausible	comma	long
20	14	<eos>	End	implausible	comma	long
21	0	As	Start	plausible	nocomma	long
21	1	the	the1	plausible	nocomma	long
21	2	carpenter	NP1	plausible	nocomma	long
21	3	questions	VP1	plausible	nocomma	long
21	4	the	the2	plausible	nocomma	long
21	5	actor	NP2	plausible	nocomma	long
21	6	that	Ext	plausible	nocomma	long
21	7	came	Ext	plausible	nocomma	long
21	8	in	Ext	plausible	nocomma	long
21	9	speaks	VP2	plausible	nocomma	long
21	10	very	Rest	plausible	nocomma	long
21	11	quietly.	Rest	plausible	nocomma	long
21	12	<eos>	End	plausible	nocomma	long
21	0	As	Start	implausible	nocomma	long
21	1	the	the1	implausible	nocomma	long
21	2	carpenter	NP1	implausible	nocomma	long
21	3	builds	VP1	implausible	nocomma	long
21	4	the	the2	implausible	nocomma	long
21	5	actor	NP2	implausible	nocomma	long
21	6	that	Ext	implausible	nocomma	long
21	7	came	Ext	implausible	nocomma	long
21	8	in	Ext	implausible	nocomma	long
21	9	speaks	VP2	implausible	nocomma	long
21	10	very	Rest	implausible	nocomma	long
21	11	quietly.	Rest	implausible	nocomma	long
21	12	<eos>	End	implausible	nocomma	long
21	0	As	Start	plausible	comma	long
21	1	the	the1	plausible	comma	long
21	2	carpenter	NP1	plausible	comma	long
21	3	questions,	VP1	plausible	comma	long
21	4	the	the2	plausible	comma	long
21	5	actor	NP2	plausible	comma	long
21	6	that	Ext	plausible	comma	long
21	7	came	Ext	plausible	comma	long
21	8	in	Ext	plausible	comma	long
21	9	speaks	VP2	plausible	comma	long
21	10	very	Rest	plausible	comma	long
21	11	quietly.	Rest	plausible	comma	long
21	12	<eos>	End	plausible	comma	long
21	0	As	Start	implausible	comma	long
21	1	the	the1	implausible	comma	long
21	2	carpenter	NP1	implausible	comma	long
21	3	builds,	VP1	implausible	comma	long
21	4	the	the2	implausible	comma	long
21	5	actor	NP2	implausible	comma	long
21	6	that	Ext	implausible	comma	long
21	7	came	Ext	implausible	comma	long
21	8	in	Ext	implausible	comma	long
21	9	speaks	VP2	implausible	comma	long
21	10	very	Rest	implausible	comma	long
21	11	quietly.	Rest	implausible	comma	long
21	12	<eos>	End	implausible	comma	long
22	0	As	Start	plausible	nocomma	long
22	1	the	the1	plausible	nocomma	long
22	2	carpenter	NP1	plausible	nocomma	long
22	3	builds	VP1	plausible	nocomma	long
22	4	the	the2	plausible	nocomma	long
22	5	table	NP2	plausible	nocomma	long
22	6	that	Ext	plausible	nocomma	long
22	7	sloped	Ext	plausible	nocomma	long
22	8	breaks	VP2	plausible	nocomma	long
22	9	in	Rest	plausible	nocomma	long
22	10	the	Rest	plausible	nocomma	long
22	11	middle.	Rest	plausible	nocomma	long
22	12	<eos>	End	plausible	nocomma	long
22	0	As	Start	implausible	nocomma	long
22	1	the	the1	implausible	nocomma	long
22	2	carpenter	NP1	implausible	nocomma	long
22	3	questions	VP1	implausible	nocomma	long
22	4	the	the2	implausible	nocomma	long
22	5	table	NP2	implausible	nocomma	long
22	6	that	Ext	implausible	nocomma	long
22	7	sloped	Ext	implausible	nocomma	long
22	8	breaks	VP2	implausible	nocomma	long
22	9	in	Rest	implausible	nocomma	long
22	10	the	Rest	implausible	nocomma	long
22	11	middle.	Rest	implausible	nocomma	long
22	12	<eos>	End	implausible	nocomma	long
22	0	As	Start	plausible	comma	long
22	1	the	the1	plausible	comma	long
22	2	carpenter	NP1	plausible	comma	long
22	3	builds,	VP1	plausible	comma	long
22	4	the	the2	plausible	comma	long
22	5	table	NP2	plausible	comma	long
22	6	that	Ext	plausible	comma	long
22	7	sloped	Ext	plausible	comma	long
22	8	breaks	VP2	plausible	comma	long
22	9	in	Rest	plausible	comma	long
22	10	the	Rest	plausible	comma	long
22	11	middle.	Rest	plausible	comma	long
22	12	<eos>	End	plausible	comma	long
22	0	As	Start	implausible	comma	long
22	1	the	the1	implausible	comma	long
22	2	carpenter	NP1	implausible	comma	long
22	3	questions,	VP1	implausible	comma	long
22	4	the	the2	implausible	comma	long
22	5	table	NP2	implausible	comma	long
22	6	that	Ext	implausible	comma	long
22	7	sloped	Ext	implausible	comma	long
22	8	breaks	VP2	implausible	comma	long
22	9	in	Rest	implausible	comma	long
22	10	the	Rest	implausible	comma	long
22	11	middle.	Rest	implausible	comma	long
22	12	<eos>	End	implausible	comma	long
23	0	When	Start	plausible	nocomma	long
23	1	the	the1	plausible	nocomma	long
23	2	ambassador	NP1	plausible	nocomma	long
23	3	negotiated	VP1	plausible	nocomma	long
23	4	the	the2	plausible	nocomma	long
23	5	treaty	NP2	plausible	nocomma	long
23	6	about	Ext	plausible	nocomma	long
23	7	arms	Ext	plausible	nocomma	long
23	8	upset	VP2	plausible	nocomma	long
23	9	many	Rest	plausible	nocomma	long
23	10	of	Rest	plausible	nocomma	long
23	11	the	Rest	plausible	nocomma	long
23	12	civilians.	Rest	plausible	nocomma	long
23	13	<eos>	End	plausible	nocomma	long
23	0	When	Start	implausible	nocomma	long
23	1	the	the1	implausible	nocomma	long
23	2	ambassador	NP1	implausible	nocomma	long
23	3	visited	VP1	implausible	nocomma	long
23	4	the	the2	implausible	nocomma	long
23	5	treaty	NP2	implausible	nocomma	long
23	6	about	Ext	implausible	nocomma	long
23	7	arms	Ext	implausible	nocomma	long
23	8	upset	VP2	implausible	nocomma	long
23	9	many	Rest	implausible	nocomma	long
23	10	of	Rest	implausible	nocomma	long
23	11	the	Rest	implausible	nocomma	long
23	12	civilians.	Rest	implausible	nocomma	long
23	13	<eos>	End	implausible	nocomma	long
23	0	When	Start	plausible	comma	long
23	1	the	the1	plausible	comma	long
23	2	ambassador	NP1	plausible	comma	long
23	3	negotiated,	VP1	plausible	comma	long
23	4	the	the2	plausible	comma	long
23	5	treaty	NP2	plausible	comma	long
23	6	about	Ext	plausible	comma	long
23	7	arms	Ext	plausible	comma	long
23	8	upset	VP2	plausible	comma	long
23	9	many	Rest	plausible	comma	long
23	10	of	Rest	plausible	comma	long
23	11	the	Rest	plausible	comma	long
23	12	civilians.	Rest	plausible	comma	long
23	13	<eos>	End	plausible	comma	long
23	0	When	Start	implausible	comma	long
23	1	the	the1	implausible	comma	long
23	2	ambassador	NP1	implausible	comma	long
23	3	visited,	VP1	implausible	comma	long
23	4	the	the2	implausible	comma	long
23	5	treaty	NP2	implausible	comma	long
23	6	about	Ext	implausible	comma	long
23	7	arms	Ext	implausible	comma	long
23	8	upset	VP2	implausible	comma	long
23	9	many	Rest	implausible	comma	long
23	10	of	Rest	implausible	comma	long
23	11	the	Rest	implausible	comma	long
23	12	civilians.	Rest	implausible	comma	long
23	13	<eos>	End	implausible	comma	long
24	0	As	Start	plausible	nocomma	long
24	1	the	the1	plausible	nocomma	long
24	2	ambassador	NP1	plausible	nocomma	long
24	3	visited	VP1	plausible	nocomma	long
24	4	the	the2	plausible	nocomma	long
24	5	village	NP2	plausible	nocomma	long
24	6	that	Ext	plausible	nocomma	long
24	7	burned	Ext	plausible	nocomma	long
24	8	asked	VP2	plausible	nocomma	long
24	9	the	Rest	plausible	nocomma	long
24	10	government	Rest	plausible	nocomma	long
24	11	for	Rest	plausible	nocomma	long
24	12	help.	Rest	plausible	nocomma	long
24	13	<eos>	End	plausible	nocomma	long
24	0	As	Start	implausible	nocomma	long
24	1	the	the1	implausible	nocomma	long
24	2	ambassador	NP1	implausible	nocomma	long
24	3	negotiated	VP1	implausible	nocomma	long
24	4	the	the2	implausible	nocomma	long
24	5	village	NP2	implausible	nocomma	long
24	6	that	Ext	implausible	nocomma	long
24	7	burned	Ext	implausible	nocomma	long
24	8	asked	VP2	implausible	nocomma	long
24	9	the	Rest	implausible	nocomma	long
24	10	government	Rest	implausible	nocomma	long
24	11	for	Rest	implausible	nocomma	long
24	12	help.	Rest	implausible	nocomma	long
24	13	<eos>	End	implausible	nocomma	long
24	0	As	Start	plausible	comma	long
24	1	the	the1	plausible	comma	long
24	2	ambassador	NP1	plausible	comma	long
24	3	visited,	VP1	plausible	comma	long
24	4	the	the2	plausible	comma	long
24	5	village	NP2	plausible	comma	long
24	6	that	Ext	plausible	comma	long
24	7	burned	Ext	plausible	comma	long
24	8	asked	VP2	plausible	comma	long
24	9	the	Rest	plausible	comma	long
24	10	government	Rest	plausible	comma	long
24	11	for	Rest	plausible	comma	long
24	12	help.	Rest	plausible	comma	long
24	13	<eos>	End	plausible	comma	long
24	0	As	Start	implausible	comma	long
24	1	the	the1	implausible	comma	long
24	2	ambassador	NP1	implausible	comma	long
24	3	negotiated,	VP1	implausible	comma	long
24	4	the	the2	implausible	comma	long
24	5	village	NP2	implausible	comma	long
24	6	that	Ext	implausible	comma	long
24	7	burned	Ext	implausible	comma	long
24	8	asked	VP2	implausible	comma	long
24	9	the	Rest	implausible	comma	long
24	10	government	Rest	implausible	comma	long
24	11	for	Rest	implausible	comma	long
24	12	help.	Rest	implausible	comma	long
24	13	<eos>	End	implausible	comma	long
1	0	As	Start	plausible	nocomma	short
1	1	the	the1	plausible	nocomma	short
1	2	woman	NP1	plausible	nocomma	short
1	3	edited	VP1	plausible	nocomma	short
1	4	the	the2	plausible	nocomma	short
1	5	magazine	NP2	plausible	nocomma	short
1	6	amused	VP2	plausible	nocomma	short
1	7	all	Rest	plausible	nocomma	short
1	8	the	Rest	plausible	nocomma	short
1	9	reporters.	Rest	plausible	nocomma	short
1	10	<eos>	End	plausible	nocomma	short
1	0	As	Start	implausible	nocomma	short
1	1	the	the1	implausible	nocomma	short
1	2	woman	NP1	implausible	nocomma	short
1	3	sailed	VP1	implausible	nocomma	short
1	4	the	the2	implausible	nocomma	short
1	5	magazine	NP2	implausible	nocomma	short
1	6	amused	VP2	implausible	nocomma	short
1	7	all	Rest	implausible	nocomma	short
1	8	the	Rest	implausible	nocomma	short
1	9	reporters.	Rest	implausible	nocomma	short
1	10	<eos>	End	implausible	nocomma	short
1	0	As	Start	plausible	comma	short
1	1	the	the1	plausible	comma	short
1	2	woman	NP1	plausible	comma	short
1	3	edited,	VP1	plausible	comma	short
1	4	the	the2	plausible	comma	short
1	5	magazine	NP2	plausible	comma	short
1	6	amused	VP2	plausible	comma	short
1	7	all	Rest	plausible	comma	short
1	8	the	Rest	plausible	comma	short
1	9	reporters.	Rest	plausible	comma	short
1	10	<eos>	End	plausible	comma	short
1	0	As	Start	implausible	comma	short
1	1	the	the1	implausible	comma	short
1	2	woman	NP1	implausible	comma	short
1	3	sailed,	VP1	implausible	comma	short
1	4	the	the2	implausible	comma	short
1	5	magazine	NP2	implausible	comma	short
1	6	amused	VP2	implausible	comma	short
1	7	all	Rest	implausible	comma	short
1	8	the	Rest	implausible	comma	short
1	9	reporters.	Rest	implausible	comma	short
1	10	<eos>	End	implausible	comma	short
2	0	As	Start	plausible	nocomma	short
2	1	the	the1	plausible	nocomma	short
2	2	woman	NP1	plausible	nocomma	short
2	3	sailed	VP1	plausible	nocomma	short
2	4	the	the2	plausible	nocomma	short
2	5	yacht	NP2	plausible	nocomma	short
2	6	crossed	VP2	plausible	nocomma	short
2	7	the	Rest	plausible	nocomma	short
2	8	bay	Rest	plausible	nocomma	short
2	9	rather	Rest	plausible	nocomma	short
2	10	slowly.	Rest	plausible	nocomma	short
2	11	<eos>	End	plausible	nocomma	short
2	0	As	Start	implausible	nocomma	short
2	1	the	the1	implausible	nocomma	short
2	2	woman	NP1	implausible	nocomma	short
2	3	edited	VP1	implausible	nocomma	short
2	4	the	the2	implausible	nocomma	short
2	5	yacht	NP2	implausible	nocomma	short
2	6	crossed	VP2	implausible	nocomma	short
2	7	the	Rest	implausible	nocomma	short
2	8	bay	Rest	implausible	nocomma	short
2	9	rather	Rest	implausible	nocomma	short
2	10	slowly.	Rest	implausible	nocomma	short
2	11	<eos>	End	implausible	nocomma	short
2	0	As	Start	plausible	comma	short
2	1	the	the1	plausible	comma	short
2	2	woman	NP1	plausible	comma	short
2	3	sailed,	VP1	plausible	comma	short
2	4	the	the2	plausible	comma	short
2	5	yacht	NP2	plausible	comma	short
2	6	crossed	VP2	plausible	comma	short
2	7	the	Rest	plausible	comma	short
2	8	bay	Rest	plausible	comma	short
2	9	rather	Rest	plausible	comma	short
2	10	slowly.	Rest	plausible	comma	short
2	11	<eos>	End	plausible	comma	short
2	0	As	Start	implausible	comma	short
2	1	the	the1	implausible	comma	short
2	2	woman	NP1	implausible	comma	short
2	3	edited,	VP1	implausible	comma	short
2	4	the	the2	implausible	comma	short
2	5	yacht	NP2	implausible	comma	short
2	6	crossed	VP2	implausible	comma	short
2	7	the	Rest	implausible	comma	short
2	8	bay	Rest	implausible	comma	short
2	9	rather	Rest	implausible	comma	short
2	10	slowly.	Rest	implausible	comma	short
2	11	<eos>	End	implausible	comma	short
3	0	After	Start	plausible	nocomma	short
3	1	the	the1	plausible	nocomma	short
3	2	judge	NP1	plausible	nocomma	short
3	3	decided	VP1	plausible	nocomma	short
3	4	the	the2	plausible	nocomma	short
3	5	verdict	NP2	plausible	nocomma	short
3	6	caught	VP2	plausible	nocomma	short
3	7	the	Rest	plausible	nocomma	short
3	8	old	Rest	plausible	nocomma	short
3	9	man's	Rest	plausible	nocomma	short
3	10	attention.	Rest	plausible	nocomma	short
3	11	<eos>	End	plausible	nocomma	short
3	0	After	Start	implausible	nocomma	short
3	1	the	the1	implausible	nocomma	short
3	2	judge	NP1	implausible	nocomma	short
3	3	packed	VP1	implausible	nocomma	short
3	4	the	the2	implausible	nocomma	short
3	5	verdict	NP2	implausible	nocomma	short
3	6	caught	VP2	implausible	nocomma	short
3	7	the	Rest	implausible	nocomma	short
3	8	old	Rest	implausible	nocomma	short
3	9	man's	Rest	implausible	nocomma	short
3	10	attention.	Rest	implausible	nocomma	short
3	11	<eos>	End	implausible	nocomma	short
3	0	After	Start	plausible	comma	short
3	1	the	the1	plausible	comma	short
3	2	judge	NP1	plausible	comma	short
3	3	decided,	VP1	plausible	comma	short
3	4	the	the2	plausible	comma	short
3	5	verdict	NP2	plausible	comma	short
3	6	caught	VP2	plausible	comma	short
3	7	the	Rest	plausible	comma	short
3	8	old	Rest	plausible	comma	short
3	9	man's	Rest	plausible	comma	short
3	10	attention.	Rest	plausible	comma	short
3	11	<eos>	End	plausible	comma	short
3	0	After	Start	implausible	comma	short
3	1	the	the1	implausible	comma	short
3	2	judge	NP1	implausible	comma	short
3	3	packed,	VP1	implausible	comma	short
3	4	the	the2	implausible	comma	short
3	5	verdict	NP2	implausible	comma	short
3	6	caught	VP2	implausible	comma	short
3	7	the	Rest	implausible	comma	short
3	8	old	Rest	implausible	comma	short
3	9	man's	Rest	implausible	comma	short
3	10	attention.	Rest	implausible	comma	short
3	11	<eos>	End	implausible	comma	short
4	0	After	Start	plausible	nocomma	short
4	1	the	the1	plausible	nocomma	short
4	2	judge	NP1	plausible	nocomma	short
4	3	packed	VP1	plausible	nocomma	short
4	4	the	the2	plausible	nocomma	short
4	5	suitcases	NP2	plausible	nocomma	short
4	6	burst	VP2	plausible	nocomma	short
4	7	their	Rest	plausible	nocomma	short
4	8	locks.	Rest	plausible	nocomma	short
4	9	<eos>	End	plausible	nocomma	short
4	0	After	Start	implausible	nocomma	short
4	1	the	the1	implausible	nocomma	short
4	2	judge	NP1	implausible	nocomma	short
4	3	decided	VP1	implausible	nocomma	short
4	4	the	the2	implausible	nocomma	short
4	5	suitcases	NP2	implausible	nocomma	short
4	6	burst	VP2	implausible	nocomma	short
4	7	their	Rest	implausible	nocomma	short
4	8	locks.	Rest	implausible	nocomma	short
4	9	<eos>	End	implausible	nocomma	short
4	0	After	Start	plausible	comma	short
4	1	the	the1	plausible	comma	short
4	2	judge	NP1	plausible	comma	short
4	3	packed,	VP1	plausible	comma	short
4	4	the	the2	plausible	comma	short
4	5	suitcases	NP2	plausible	comma	short
4	6	burst	VP2	plausible	comma	short
4	7	their	Rest	plausible	comma	short
4	8	locks.	Rest	plausible	comma	short
4	9	<eos>	End	plausible	comma	short
4	0	After	Start	implausible	comma	short
4	1	the	the1	implausible	comma	short
4	2	judge	NP1	implausible	comma	short
4	3	decided,	VP1	implausible	comma	short
4	4	the	the2	implausible	comma	short
4	5	suitcases	NP2	implausible	comma	short
4	6	burst	VP2	implausible	comma	short
4	7	their	Rest	implausible	comma	short
4	8	locks.	Rest	implausible	comma	short
4	9	<eos>	End	implausible	comma	short
5	0	While	Start	plausible	nocomma	short
5	1	the	the1	plausible	nocomma	short
5	2	motorist	NP1	plausible	nocomma	short
5	3	parks	VP1	plausible	nocomma	short
5	4	the	the2	plausible	nocomma	short
5	5	truck	NP2	plausible	nocomma	short
5	6	rushes	VP2	plausible	nocomma	short
5	7	along	Rest	plausible	nocomma	short
5	8	the	Rest	plausible	nocomma	short
5	9	high	Rest	plausible	nocomma	short
5	10	street.	Rest	plausible	nocomma	short
5	11	<eos>	End	plausible	nocomma	short
5	0	While	Start	implausible	nocomma	short
5	1	the	the1	implausible	nocomma	short
5	2	motorist	NP1	implausible	nocomma	short
5	3	writes	VP1	implausible	nocomma	short
5	4	the	the2	implausible	nocomma	short
5	5	truck	NP2	implausible	nocomma	short
5	6	rushes	VP2	implausible	nocomma	short
5	7	along	Rest	implausible	nocomma	short
5	8	the	Rest	implausible	nocomma	short
5	9	high	Rest	implausible	nocomma	short
5	10	street.	Rest	implausible	nocomma	short
5	11	<eos>	End	implausible	nocomma	short
5	0	While	Start	plausible	comma	short
5	1	the	the1	plausible	comma	short
5	2	motorist	NP1	plausible	comma	short
5	3	parks,	VP1	plausible	comma	short
5	4	the	the2	plausible	comma	short
5	5	truck	NP2	plausible	comma	short
5	6	rushes	VP2	plausible	comma	short
5	7	along	Rest	plausible	comma	short
5	8	the	Rest	plausible	comma	short
5	9	high	Rest	plausible	comma	short
5	10	street.	Rest	plausible	comma	short
5	11	<eos>	End	plausible	comma	short
5	0	While	Start	implausible	comma	short
5	1	the	the1	implausible	comma	short
5	2	motorist	NP1	implausible	comma	short
5	3	writes,	VP1	implausible	comma	short
5	4	the	the2	implausible	comma	short
5	5	truck	NP2	implausible	comma	short
5	6	rushes	VP2	implausible	comma	short
5	7	along	Rest	implausible	comma	short
5	8	the	Rest	implausible	comma	short
5	9	high	Rest	implausible	comma	short
5	10	street.	Rest	implausible	comma	short
5	11	<eos>	End	implausible	comma	short
6	0	As	Start	plausible	nocomma	short
6	1	the	the1	plausible	nocomma	short
6	2	motorist	NP1	plausible	nocomma	short
6	3	writes	VP1	plausible	nocomma	short
6	4	the	the2	plausible	nocomma	short
6	5	story	NP2	plausible	nocomma	short
6	6	remains	VP2	plausible	nocomma	short
6	7	on	Rest	plausible	nocomma	short
6	8	the	Rest	plausible	nocomma	short
6	9	back	Rest	plausible	nocomma	short
6	10	seat.	Rest	plausible	nocomma	short
6	11	<eos>	End	plausible	nocomma	short
6	0	As	Start	implausible	nocomma	short
6	1	the	the1	implausible	nocomma	short
6	2	motorist	NP1	implausible	nocomma	short
6	3	parks	VP1	implausible	nocomma	short
6	4	the	the2	implausible	nocomma	short
6	5	story	NP2	implausible	nocomma	short
6	6	remains	VP2	implausible	nocomma	short
6	7	on	Rest	implausible	nocomma	short
6	8	the	Rest	implausible	nocomma	short
6	9	back	Rest	implausible	nocomma	short
6	10	seat.	Rest	implausible	nocomma	short
6	11	<eos>	End	implausible	nocomma	short
6	0	As	Start	plausible	comma	short
6	1	the	the1	plausible	comma	short
6	2	motorist	NP1	plausible	comma	short
6	3	writes,	VP1	plausible	comma	short
6	4	the	the2	plausible	comma	short
6	5	story	NP2	plausible	comma	short
6	6	remains	VP2	plausible	comma	short
6	7	on	Rest	plausible	comma	short
6	8	the	Rest	plausible	comma	short
6	9	back	Rest	plausible	comma	short
6	10	seat.	Rest	plausible	comma	short
6	11	<eos>	End	plausible	comma	short
6	0	As	Start	implausible	comma	short
6	1	the	the1	implausible	comma	short
6	2	motorist	NP1	implausible	comma	short
6	3	parks,	VP1	implausible	comma	short
6	4	the	the2	implausible	comma	short
6	5	story	NP2	implausible	comma	short
6	6	remains	VP2	implausible	comma	short
6	7	on	Rest	implausible	comma	short
6	8	the	Rest	implausible	comma	short
6	9	back	Rest	implausible	comma	short
6	10	seat.	Rest	implausible	comma	short
6	11	<eos>	End	implausible	comma	short
7	0	As	Start	plausible	nocomma	short
7	1	the	the1	plausible	nocomma	short
7	2	zoologists	NP1	plausible	nocomma	short
7	3	were	VP1	plausible	nocomma	short
7	4	breeding	VP1	plausible	nocomma	short
7	5	the	the2	plausible	nocomma	short
7	6	tigers	NP2	plausible	nocomma	short
7	7	chewed	VP2	plausible	nocomma	short
7	8	on	Rest	plausible	nocomma	short
7	9	a	Rest	plausible	nocomma	short
7	10	piece	Rest	plausible	nocomma	short
7	11	of	Rest	plausible	nocomma	short
7	12	meat.	Rest	plausible	nocomma	short
7	13	<eos>	End	plausible	nocomma	short
7	0	As	Start	implausible	nocomma	short
7	1	the	the1	implausible	nocomma	short
7	2	zoologists	NP1	implausible	nocomma	short
7	3	were	VP1	implausible	nocomma	short
7	4	typing	VP1	implausible	nocomma	short
7	5	the	the2	implausible	nocomma	short
7	6	tigers	NP2	implausible	nocomma	short
7	7	chewed	VP2	implausible	nocomma	short
7	8	on	Rest	implausible	nocomma	short
7	9	a	Rest	implausible	nocomma	short
7	10	piece	Rest	implausible	nocomma	short
7	11	of	Rest	implausible	nocomma	short
7	12	meat.	Rest	implausible	nocomma	short
7	13	<eos>	End	implausible	nocomma	short
7	0	As	Start	plausible	comma	short
7	1	the	the1	plausible	comma	short
7	2	zoologists	NP1	plausible	comma	short
7	3	were	VP1	plausible	comma	short
7	4	breeding,	VP1	plausible	comma	short
7	5	the	the2	plausible	comma	short
7	6	tigers	NP2	plausible	comma	short
7	7	chewed	VP2	plausible	comma	short
7	8	on	Rest	plausible	comma	short
7	9	a	Rest	plausible	comma	short
7	10	piece	Rest	plausible	comma	short
7	11	of	Rest	plausible	comma	short
7	12	meat.	Rest	plausible	comma	short
7	13	<eos>	End	plausible	comma	short
7	0	As	Start	implausible	comma	short
7	1	the	the1	implausible	comma	short
7	2	zoologists	NP1	implausible	comma	short
7	3	were	VP1	implausible	comma	short
7	4	typing,	VP1	implausible	comma	short
7	5	the	the2	implausible	comma	short
7	6	tigers	NP2	implausible	comma	short
7	7	chewed	VP2	implausible	comma	short
7	8	on	Rest	implausible	comma	short
7	9	a	Rest	implausible	comma	short
7	10	piece	Rest	implausible	comma	short
7	11	of	Rest	implausible	comma	short
7	12	meat.	Rest	implausible	comma	short
7	13	<eos>	End	implausible	comma	short
8	0	As	Start	plausible	nocomma	short
8	1	the	the1	plausible	nocomma	short
8	2	zoologists	NP1	plausible	nocomma	short
8	3	were	VP1	plausible	nocomma	short
8	4	typing	VP1	plausible	nocomma	short
8	5	the	the2	plausible	nocomma	short
8	6	reports	NP2	plausible	nocomma	short
8	7	fell	VP2	plausible	nocomma	short
8	8	of	Rest	plausible	nocomma	short
8	9	the	Rest	plausible	nocomma	short
8	10	table.	Rest	plausible	nocomma	short
8	11	<eos>	End	plausible	nocomma	short
8	0	As	Start	implausible	nocomma	short
8	1	the	the1	implausible	nocomma	short
8	2	zoologists	NP1	implausible	nocomma	short
8	3	were	VP1	implausible	nocomma	short
8	4	breeding	VP1	implausible	nocomma	short
8	5	the	the2	implausible	nocomma	short
8	6	reports	NP2	implausible	nocomma	short
8	7	fell	VP2	implausible	nocomma	short
8	8	of	Rest	implausible	nocomma	short
8	9	the	Rest	implausible	nocomma	short
8	10	table.	Rest	implausible	nocomma	short
8	11	<eos>	End	implausible	nocomma	short
8	0	As	Start	plausible	comma	short
8	1	the	the1	plausible	comma	short
8	2	zoologists	NP1	plausible	comma	short
8	3	were	VP1	plausible	comma	short
8	4	typing,	VP1	plausible	comma	short
8	5	the	the2	plausible	comma	short
8	6	reports	NP2	plausible	comma	short
8	7	fell	VP2	plausible	comma	short
8	8	of	Rest	plausible	comma	short
8	9	the	Rest	plausible	comma	short
8	10	table.	Rest	plausible	comma	short
8	11	<eos>	End	plausible	comma	short
8	0	As	Start	implausible	comma	short
8	1	the	the1	implausible	comma	short
8	2	zoologists	NP1	implausible	comma	short
8	3	were	VP1	implausible	comma	short
8	4	breeding,	VP1	implausible	comma	short
8	5	the	the2	implausible	comma	short
8	6	reports	NP2	implausible	comma	short
8	7	fell	VP2	implausible	comma	short
8	8	of	Rest	implausible	comma	short
8	9	the	Rest	implausible	comma	short
8	10	table.	Rest	implausible	comma	short
8	11	<eos>	End	implausible	comma	short
9	0	Whilst	Start	plausible	nocomma	short
9	1	the	the1	plausible	nocomma	short
9	2	man	NP1	plausible	nocomma	short
9	3	reads	VP1	plausible	nocomma	short
9	4	the	the2	plausible	nocomma	short
9	5	books	NP2	plausible	nocomma	short
9	6	seemed	VP2	plausible	nocomma	short
9	7	somewhat	Rest	plausible	nocomma	short
9	8	confusing.	Rest	plausible	nocomma	short
9	9	<eos>	End	plausible	nocomma	short
9	0	Whilst	Start	implausible	nocomma	short
9	1	the	the1	implausible	nocomma	short
9	2	man	NP1	implausible	nocomma	short
9	3	eats	VP1	implausible	nocomma	short
9	4	the	the2	implausible	nocomma	short
9	5	books	NP2	implausible	nocomma	short
9	6	seemed	VP2	implausible	nocomma	short
9	7	somewhat	Rest	implausible	nocomma	short
9	8	confusing.	Rest	implausible	nocomma	short
9	9	<eos>	End	implausible	nocomma	short
9	0	Whilst	Start	plausible	comma	short
9	1	the	the1	plausible	comma	short
9	2	man	NP1	plausible	comma	short
9	3	reads,	VP1	plausible	comma	short
9	4	the	the2	plausible	comma	short
9	5	books	NP2	plausible	comma	short
9	6	seemed	VP2	plausible	comma	short
9	7	somewhat	Rest	plausible	comma	short
9	8	confusing.	Rest	plausible	comma	short
9	9	<eos>	End	plausible	comma	short
9	0	Whilst	Start	implausible	comma	short
9	1	the	the1	implausible	comma	short
9	2	man	NP1	implausible	comma	short
9	3	eats,	VP1	implausible	comma	short
9	4	the	the2	implausible	comma	short
9	5	books	NP2	implausible	comma	short
9	6	seemed	VP2	implausible	comma	short
9	7	somewhat	Rest	implausible	comma	short
9	8	confusing.	Rest	implausible	comma	short
9	9	<eos>	End	implausible	comma	short
10	0	Before	Start	plausible	nocomma	short
10	1	the	the1	plausible	nocomma	short
10	2	man	NP1	plausible	nocomma	short
10	3	eats	VP1	plausible	nocomma	short
10	4	the	the2	plausible	nocomma	short
10	5	sandwich	NP2	plausible	nocomma	short
10	6	looked	VP2	plausible	nocomma	short
10	7	really	Rest	plausible	nocomma	short
10	8	appetising.	Rest	plausible	nocomma	short
10	9	<eos>	End	plausible	nocomma	short
10	0	Before	Start	implausible	nocomma	short
10	1	the	the1	implausible	nocomma	short
10	2	man	NP1	implausible	nocomma	short
10	3	reads	VP1	implausible	nocomma	short
10	4	the	the2	implausible	nocomma	short
10	5	sandwich	NP2	implausible	nocomma	short
10	6	looked	VP2	implausible	nocomma	short
10	7	really	Rest	implausible	nocomma	short
10	8	appetising.	Rest	implausible	nocomma	short
10	9	<eos>	End	implausible	nocomma	short
10	0	Before	Start	plausible	comma	short
10	1	the	the1	plausible	comma	short
10	2	man	NP1	plausible	comma	short
10	3	eats,	VP1	plausible	comma	short
10	4	the	the2	plausible	comma	short
10	5	sandwich	NP2	plausible	comma	short
10	6	looked	VP2	plausible	comma	short
10	7	really	Rest	plausible	comma	short
10	8	appetising.	Rest	plausible	comma	short
10	9	<eos>	End	plausible	comma	short
10	0	Before	Start	implausible	comma	short
10	1	the	the1	implausible	comma	short
10	2	man	NP1	implausible	comma	short
10	3	reads,	VP1	implausible	comma	short
10	4	the	the2	implausible	comma	short
10	5	sandwich	NP2	implausible	comma	short
10	6	looked	VP2	implausible	comma	short
10	7	really	Rest	implausible	comma	short
10	8	appetising.	Rest	implausible	comma	short
10	9	<eos>	End	implausible	comma	short
11	0	When	Start	plausible	nocomma	short
11	1	the	the1	plausible	nocomma	short
11	2	cleaners	NP1	plausible	nocomma	short
11	3	were	VP1	plausible	nocomma	short
11	4	rubbing	VP1	plausible	nocomma	short
11	5	the	the2	plausible	nocomma	short
11	6	paint	NP2	plausible	nocomma	short
11	7	stained	VP2	plausible	nocomma	short
11	8	the	Rest	plausible	nocomma	short
11	9	new	Rest	plausible	nocomma	short
11	10	carpet.	Rest	plausible	nocomma	short
11	11	<eos>	End	plausible	nocomma	short
11	0	When	Start	implausible	nocomma	short
11	1	the	the1	implausible	nocomma	short
11	2	cleaners	NP1	implausible	nocomma	short
11	3	were	VP1	implausible	nocomma	short
11	4	running	VP1	implausible	nocomma	short
11	5	the	the2	implausible	nocomma	short
11	6	paint	NP2	implausible	nocomma	short
11	7	stained	VP2	implausible	nocomma	short
11	8	the	Rest	implausible	nocomma	short
11	9	new	Rest	implausible	nocomma	short
11	10	carpet.	Rest	implausible	nocomma	short
11	11	<eos>	End	implausible	nocomma	short
11	0	When	Start	plausible	comma	short
11	1	the	the1	plausible	comma	short
11	2	cleaners	NP1	plausible	comma	short
11	3	were	VP1	plausible	comma	short
11	4	rubbing,	VP1	plausible	comma	short
11	5	the	the2	plausible	comma	short
11	6	paint	NP2	plausible	comma	short
11	7	stained	VP2	plausible	comma	short
11	8	the	Rest	plausible	comma	short
11	9	new	Rest	plausible	comma	short
11	10	carpet.	Rest	plausible	comma	short
11	11	<eos>	End	plausible	comma	short
11	0	When	Start	implausible	comma	short
11	1	the	the1	implausible	comma	short
11	2	cleaners	NP1	implausible	comma	short
11	3	were	VP1	implausible	comma	short
11	4	running,	VP1	implausible	comma	short
11	5	the	the2	implausible	comma	short
11	6	paint	NP2	implausible	comma	short
11	7	stained	VP2	implausible	comma	short
11	8	the	Rest	implausible	comma	short
11	9	new	Rest	implausible	comma	short
11	10	carpet.	Rest	implausible	comma	short
11	11	<eos>	End	implausible	comma	short
12	0	As	Start	plausible	nocomma	short
12	1	the	the1	plausible	nocomma	short
12	2	cleaners	NP1	plausible	nocomma	short
12	3	were	VP1	plausible	nocomma	short
12	4	running	VP1	plausible	nocomma	short
12	5	the	the2	plausible	nocomma	short
12	6	errands	NP2	plausible	nocomma	short
12	7	remained	VP2	plausible	nocomma	short
12	8	at	Rest	plausible	nocomma	short
12	9	the	Rest	plausible	nocomma	short
12	10	end	Rest	plausible	nocomma	short
12	11	of	Rest	plausible	nocomma	short
12	12	the	Rest	plausible	nocomma	short
12	13	list.	Rest	plausible	nocomma	short
12	14	<eos>	End	plausible	nocomma	short
12	0	As	Start	implausible	nocomma	short
12	1	the	the1	implausible	nocomma	short
12	2	cleaners	NP1	implausible	nocomma	short
12	3	were	VP1	implausible	nocomma	short
12	4	rubbing	VP1	implausible	nocomma	short
12	5	the	the2	implausible	nocomma	short
12	6	errands	NP2	implausible	nocomma	short
12	7	remained	VP2	implausible	nocomma	short
12	8	at	Rest	implausible	nocomma	short
12	9	the	Rest	implausible	nocomma	short
12	10	end	Rest	implausible	nocomma	short
12	11	of	Rest	implausible	nocomma	short
12	12	the	Rest	implausible	nocomma	short
12	13	list.	Rest	implausible	nocomma	short
12	14	<eos>	End	implausible	nocomma	short
12	0	As	Start	plausible	comma	short
12	1	the	the1	plausible	comma	short
12	2	cleaners	NP1	plausible	comma	short
12	3	were	VP1	plausible	comma	short
12	4	running,	VP1	plausible	comma	short
12	5	the	the2	plausible	comma	short
12	6	errands	NP2	plausible	comma	short
12	7	remained	VP2	plausible	comma	short
12	8	at	Rest	plausible	comma	short
12	9	the	Rest	plausible	comma	short
12	10	end	Rest	plausible	comma	short
12	11	of	Rest	plausible	comma	short
12	12	the	Rest	plausible	comma	short
12	13	list.	Rest	plausible	comma	short
12	14	<eos>	End	plausible	comma	short
12	0	As	Start	implausible	comma	short
12	1	the	the1	implausible	comma	short
12	2	cleaners	NP1	implausible	comma	short
12	3	were	VP1	implausible	comma	short
12	4	rubbing,	VP1	implausible	comma	short
12	5	the	the2	implausible	comma	short
12	6	errands	NP2	implausible	comma	short
12	7	remained	VP2	implausible	comma	short
12	8	at	Rest	implausible	comma	short
12	9	the	Rest	implausible	comma	short
12	10	end	Rest	implausible	comma	short
12	11	of	Rest	implausible	comma	short
12	12	the	Rest	implausible	comma	short
12	13	list.	Rest	implausible	comma	short
12	14	<eos>	End	implausible	comma	short
13	0	Whilst	Start	plausible	nocomma	short
13	1	the	the1	plausible	nocomma	short
13	2	janitor	NP1	plausible	nocomma	short
13	3	polished	VP1	plausible	nocomma	short
13	4	the	the2	plausible	nocomma	short
13	5	floor	NP2	plausible	nocomma	short
13	6	shone	VP2	plausible	nocomma	short
13	7	rather	Rest	plausible	nocomma	short
13	8	brightly.	Rest	plausible	nocomma	short
13	9	<eos>	End	plausible	nocomma	short
13	0	Whilst	Start	implausible	nocomma	short
13	1	the	the1	implausible	nocomma	short
13	2	janitor	NP1	implausible	nocomma	short
13	3	followed	VP1	implausible	nocomma	short
13	4	the	the2	implausible	nocomma	short
13	5	floor	NP2	implausible	nocomma	short
13	6	shone	VP2	implausible	nocomma	short
13	7	rather	Rest	implausible	nocomma	short
13	8	brightly.	Rest	implausible	nocomma	short
13	9	<eos>	End	implausible	nocomma	short
13	0	Whilst	Start	plausible	comma	short
13	1	the	the1	plausible	comma	short
13	2	janitor	NP1	plausible	comma	short
13	3	polished,	VP1	plausible	comma	short
13	4	the	the2	plausible	comma	short
13	5	floor	NP2	plausible	comma	short
13	6	shone	VP2	plausible	comma	short
13	7	rather	Rest	plausible	comma	short
13	8	brightly.	Rest	plausible	comma	short
13	9	<eos>	End	plausible	comma	short
13	0	Whilst	Start	implausible	comma	short
13	1	the	the1	implausible	comma	short
13	2	janitor	NP1	implausible	comma	short
13	3	followed,	VP1	implausible	comma	short
13	4	the	the2	implausible	comma	short
13	5	floor	NP2	implausible	comma	short
13	6	shone	VP2	implausible	comma	short
13	7	rather	Rest	implausible	comma	short
13	8	brightly.	Rest	implausible	comma	short
13	9	<eos>	End	implausible	comma	short
14	0	As	Start	plausible	nocomma	short
14	1	the	the1	plausible	nocomma	short
14	2	janitor	NP1	plausible	nocomma	short
14	3	followed	VP1	plausible	nocomma	short
14	4	the	the2	plausible	nocomma	short
14	5	professors	NP2	plausible	nocomma	short
14	6	talked	VP2	plausible	nocomma	short
14	7	about	Rest	plausible	nocomma	short
14	8	the	Rest	plausible	nocomma	short
14	9	first	Rest	plausible	nocomma	short
14	10	year	Rest	plausible	nocomma	short
14	11	exam.	Rest	plausible	nocomma	short
14	12	<eos>	End	plausible	nocomma	short
14	0	As	Start	implausible	nocomma	short
14	1	the	the1	implausible	nocomma	short
14	2	janitor	NP1	implausible	nocomma	short
14	3	polished	VP1	implausible	nocomma	short
14	4	the	the2	implausible	nocomma	short
14	5	professors	NP2	implausible	nocomma	short
14	6	talked	VP2	implausible	nocomma	short
14	7	about	Rest	implausible	nocomma	short
14	8	the	Rest	implausible	nocomma	short
14	9	first	Rest	implausible	nocomma	short
14	10	year	Rest	implausible	nocomma	short
14	11	exam.	Rest	implausible	nocomma	short
14	12	<eos>	End	implausible	nocomma	short
14	0	As	Start	plausible	comma	short
14	1	the	the1	plausible	comma	short
14	2	janitor	NP1	plausible	comma	short
14	3	followed,	VP1	plausible	comma	short
14	4	the	the2	plausible	comma	short
14	5	professors	NP2	plausible	comma	short
14	6	talked	VP2	plausible	comma	short
14	7	about	Rest	plausible	comma	short
14	8	the	Rest	plausible	comma	short
14	9	first	Rest	plausible	comma	short
14	10	year	Rest	plausible	comma	short
14	11	exam.	Rest	plausible	comma	short
14	12	<eos>	End	plausible	comma	short
14	0	As	Start	implausible	comma	short
14	1	the	the1	implausible	comma	short
14	2	janitor	NP1	implausible	comma	short
14	3	polished,	VP1	implausible	comma	short
14	4	the	the2	implausible	comma	short
14	5	professors	NP2	implausible	comma	short
14	6	talked	VP2	implausible	comma	short
14	7	about	Rest	implausible	comma	short
14	8	the	Rest	implausible	comma	short
14	9	first	Rest	implausible	comma	short
14	10	year	Rest	implausible	comma	short
14	11	exam.	Rest	implausible	comma	short
14	12	<eos>	End	implausible	comma	short
15	0	As	Start	plausible	nocomma	short
15	1	the	the1	plausible	nocomma	short
15	2	cowboys	NP1	plausible	nocomma	short
15	3	roped	VP1	plausible	nocomma	short
15	4	the	the2	plausible	nocomma	short
15	5	horses	NP2	plausible	nocomma	short
15	6	escaped	VP2	plausible	nocomma	short
15	7	charged	Rest	plausible	nocomma	short
15	8	across	Rest	plausible	nocomma	short
15	9	the	Rest	plausible	nocomma	short
15	10	ranch.	Rest	plausible	nocomma	short
15	11	<eos>	End	plausible	nocomma	short
15	0	As	Start	implausible	nocomma	short
15	1	the	the1	implausible	nocomma	short
15	2	cowboys	NP1	implausible	nocomma	short
15	3	drank	VP1	implausible	nocomma	short
15	4	the	the2	implausible	nocomma	short
15	5	horses	NP2	implausible	nocomma	short
15	6	escaped	VP2	implausible	nocomma	short
15	7	charged	Rest	implausible	nocomma	short
15	8	across	Rest	implausible	nocomma	short
15	9	the	Rest	implausible	nocomma	short
15	10	ranch.	Rest	implausible	nocomma	short
15	11	<eos>	End	implausible	nocomma	short
15	0	As	Start	plausible	comma	short
15	1	the	the1	plausible	comma	short
15	2	cowboys	NP1	plausible	comma	short
15	3	roped,	VP1	plausible	comma	short
15	4	the	the2	plausible	comma	short
15	5	horses	NP2	plausible	comma	short
15	6	escaped	VP2	plausible	comma	short
15	7	charged	Rest	plausible	comma	short
15	8	across	Rest	plausible	comma	short
15	9	the	Rest	plausible	comma	short
15	10	ranch.	Rest	plausible	comma	short
15	11	<eos>	End	plausible	comma	short
15	0	As	Start	implausible	comma	short
15	1	the	the1	implausible	comma	short
15	2	cowboys	NP1	implausible	comma	short
15	3	drank,	VP1	implausible	comma	short
15	4	the	the2	implausible	comma	short
15	5	horses	NP2	implausible	comma	short
15	6	escaped	VP2	implausible	comma	short
15	7	charged	Rest	implausible	comma	short
15	8	across	Rest	implausible	comma	short
15	9	the	Rest	implausible	comma	short
15	10	ranch.	Rest	implausible	comma	short
15	11	<eos>	End	implausible	comma	short
16	0	As	Start	plausible	nocomma	short
16	1	the	the1	plausible	nocomma	short
16	2	cowboys	NP1	plausible	nocomma	short
16	3	drank	VP1	plausible	nocomma	short
16	4	the	the2	plausible	nocomma	short
16	5	whiskey	NP2	plausible	nocomma	short
16	6	disgusted	VP2	plausible	nocomma	short
16	7	the	Rest	plausible	nocomma	short
16	8	saloon	Rest	plausible	nocomma	short
16	9	owner.	Rest	plausible	nocomma	short
16	10	<eos>	End	plausible	nocomma	short
16	0	As	Start	implausible	nocomma	short
16	1	the	the1	implausible	nocomma	short
16	2	cowboys	NP1	implausible	nocomma	short
16	3	roped	VP1	implausible	nocomma	short
16	4	the	the2	implausible	nocomma	short
16	5	whiskey	NP2	implausible	nocomma	short
16	6	disgusted	VP2	implausible	nocomma	short
16	7	the	Rest	implausible	nocomma	short
16	8	saloon	Rest	implausible	nocomma	short
16	9	owner.	Rest	implausible	nocomma	short
16	10	<eos>	End	implausible	nocomma	short
16	0	As	Start	plausible	comma	short
16	1	the	the1	plausible	comma	short
16	2	cowboys	NP1	plausible	comma	short
16	3	drank,	VP1	plausible	comma	short
16	4	the	the2	plausible	comma	short
16	5	whiskey	NP2	plausible	comma	short
16	6	disgusted	VP2	plausible	comma	short
16	7	the	Rest	plausible	comma	short
16	8	saloon	Rest	plausible	comma	short
16	9	owner.	Rest	plausible	comma	short
16	10	<eos>	End	plausible	comma	short
16	0	As	Start	implausible	comma	short
16	1	the	the1	implausible	comma	short
16	2	cowboys	NP1	implausible	comma	short
16	3	roped,	VP1	implausible	comma	short
16	4	the	the2	implausible	comma	short
16	5	whiskey	NP2	implausible	comma	short
16	6	disgusted	VP2	implausible	comma	short
16	7	the	Rest	implausible	comma	short
16	8	saloon	Rest	implausible	comma	short
16	9	owner.	Rest	implausible	comma	short
16	10	<eos>	End	implausible	comma	short
17	0	As	Start	plausible	nocomma	short
17	1	the	the1	plausible	nocomma	short
17	2	scientist	NP1	plausible	nocomma	short
17	3	was	VP1	plausible	nocomma	short
17	4	inventing	VP1	plausible	nocomma	short
17	5	the	the2	plausible	nocomma	short
17	6	light	NP2	plausible	nocomma	short
17	7	created	VP2	plausible	nocomma	short
17	8	an	Rest	plausible	nocomma	short
17	9	enormous	Rest	plausible	nocomma	short
17	10	demand.	Rest	plausible	nocomma	short
17	11	<eos>	End	plausible	nocomma	short
17	0	As	Start	implausible	nocomma	short
17	1	the	the1	implausible	nocomma	short
17	2	scientist	NP1	implausible	nocomma	short
17	3	was	VP1	implausible	nocomma	short
17	4	teaching	VP1	implausible	nocomma	short
17	5	the	the2	implausible	nocomma	short
17	6	light	NP2	implausible	nocomma	short
17	7	created	VP2	implausible	nocomma	short
17	8	an	Rest	implausible	nocomma	short
17	9	enormous	Rest	implausible	nocomma	short
17	10	demand.	Rest	implausible	nocomma	short
17	11	<eos>	End	implausible	nocomma	short
17	0	As	Start	plausible	comma	short
17	1	the	the1	plausible	comma	short
17	2	scientist	NP1	plausible	comma	short
17	3	was	VP1	plausible	comma	short
17	4	inventing,	VP1	plausible	comma	short
17	5	the	the2	plausible	comma	short
17	6	light	NP2	plausible	comma	short
17	7	created	VP2	plausible	comma	short
17	8	an	Rest	plausible	comma	short
17	9	enormous	Rest	plausible	comma	short
17	10	demand.	Rest	plausible	comma	short
17	11	<eos>	End	plausible	comma	short
17	0	As	Start	implausible	comma	short
17	1	the	the1	implausible	comma	short
17	2	scientist	NP1	implausible	comma	short
17	3	was	VP1	implausible	comma	short
17	4	teaching,	VP1	implausible	comma	short
17	5	the	the2	implausible	comma	short
17	6	light	NP2	implausible	comma	short
17	7	created	VP2	implausible	comma	short
17	8	an	Rest	implausible	comma	short
17	9	enormous	Rest	implausible	comma	short
17	10	demand.	Rest	implausible	comma	short
17	11	<eos>	End	implausible	comma	short
18	0	When	Start	plausible	nocomma	short
18	1	the	the1	plausible	nocomma	short
18	2	scientist	NP1	plausible	nocomma	short
18	3	was	VP1	plausible	nocomma	short
18	4	teaching	VP1	plausible	nocomma	short
18	5	the	the2	plausible	nocomma	short
18	6	student	NP2	plausible	nocomma	short
18	7	took	VP2	plausible	nocomma	short
18	8	the	Rest	plausible	nocomma	short
18	9	books	Rest	plausible	nocomma	short
18	10	away.	Rest	plausible	nocomma	short
18	11	<eos>	End	plausible	nocomma	short
18	0	When	Start	implausible	nocomma	short
18	1	the	the1	implausible	nocomma	short
18	2	scientist	NP1	implausible	nocomma	short
18	3	was	VP1	implausible	nocomma	short
18	4	inventing	VP1	implausible	nocomma	short
18	5	the	the2	implausible	nocomma	short
18	6	student	NP2	implausible	nocomma	short
18	7	took	VP2	implausible	nocomma	short
18	8	the	Rest	implausible	nocomma	short
18	9	books	Rest	implausible	nocomma	short
18	10	away.	Rest	implausible	nocomma	short
18	11	<eos>	End	implausible	nocomma	short
18	0	When	Start	plausible	comma	short
18	1	the	the1	plausible	comma	short
18	2	scientist	NP1	plausible	comma	short
18	3	was	VP1	plausible	comma	short
18	4	teaching,	VP1	plausible	comma	short
18	5	the	the2	plausible	comma	short
18	6	student	NP2	plausible	comma	short
18	7	took	VP2	plausible	comma	short
18	8	the	Rest	plausible	comma	short
18	9	books	Rest	plausible	comma	short
18	10	away.	Rest	plausible	comma	short
18	11	<eos>	End	plausible	comma	short
18	0	When	Start	implausible	comma	short
18	1	the	the1	implausible	comma	short
18	2	scientist	NP1	implausible	comma	short
18	3	was	VP1	implausible	comma	short
18	4	inventing,	VP1	implausible	comma	short
18	5	the	the2	implausible	comma	short
18	6	student	NP2	implausible	comma	short
18	7	took	VP2	implausible	comma	short
18	8	the	Rest	implausible	comma	short
18	9	books	Rest	implausible	comma	short
18	10	away.	Rest	implausible	comma	short
18	11	<eos>	End	implausible	comma	short
19	0	As	Start	plausible	nocomma	short
19	1	the	the1	plausible	nocomma	short
19	2	artist	NP1	plausible	nocomma	short
19	3	paints	VP1	plausible	nocomma	short
19	4	the	the2	plausible	nocomma	short
19	5	picture	NP2	plausible	nocomma	short
19	6	pleases	VP2	plausible	nocomma	short
19	7	all	Rest	plausible	nocomma	short
19	8	the	Rest	plausible	nocomma	short
19	9	critics	Rest	plausible	nocomma	short
19	10	greatly.	Rest	plausible	nocomma	short
19	11	<eos>	End	plausible	nocomma	short
19	0	As	Start	implausible	nocomma	short
19	1	the	the1	implausible	nocomma	short
19	2	artist	NP1	implausible	nocomma	short
19	3	sings	VP1	implausible	nocomma	short
19	4	the	the2	implausible	nocomma	short
19	5	picture	NP2	implausible	nocomma	short
19	6	pleases	VP2	implausible	nocomma	short
19	7	all	Rest	implausible	nocomma	short
19	8	the	Rest	implausible	nocomma	short
19	9	critics	Rest	implausible	nocomma	short
19	10	greatly.	Rest	implausible	nocomma	short
19	11	<eos>	End	implausible	nocomma	short
19	0	As	Start	plausible	comma	short
19	1	the	the1	plausible	comma	short
19	2	artist	NP1	plausible	comma	short
19	3	paints,	VP1	plausible	comma	short
19	4	the	the2	plausible	comma	short
19	5	picture	NP2	plausible	comma	short
19	6	pleases	VP2	plausible	comma	short
19	7	all	Rest	plausible	comma	short
19	8	the	Rest	plausible	comma	short
19	9	critics	Rest	plausible	comma	short
19	10	greatly.	Rest	plausible	comma	short
19	11	<eos>	End	plausible	comma	short
19	0	As	Start	implausible	comma	short
19	1	the	the1	implausible	comma	short
19	2	artist	NP1	implausible	comma	short
19	3	sings,	VP1	implausible	comma	short
19	4	the	the2	implausible	comma	short
19	5	picture	NP2	implausible	comma	short
19	6	pleases	VP2	implausible	comma	short
19	7	all	Rest	implausible	comma	short
19	8	the	Rest	implausible	comma	short
19	9	critics	Rest	implausible	comma	short
19	10	greatly.	Rest	implausible	comma	short
19	11	<eos>	End	implausible	comma	short
20	0	When	Start	plausible	nocomma	short
20	1	the	the1	plausible	nocomma	short
20	2	artist	NP1	plausible	nocomma	short
20	3	sang	VP1	plausible	nocomma	short
20	4	the	the2	plausible	nocomma	short
20	5	song	NP2	plausible	nocomma	short
20	6	annoyed	VP2	plausible	nocomma	short
20	7	quite	Rest	plausible	nocomma	short
20	8	a	Rest	plausible	nocomma	short
20	9	few	Rest	plausible	nocomma	short
20	10	people.	Rest	plausible	nocomma	short
20	11	<eos>	End	plausible	nocomma	short
20	0	When	Start	implausible	nocomma	short
20	1	the	the1	implausible	nocomma	short
20	2	artist	NP1	implausible	nocomma	short
20	3	painted	VP1	implausible	nocomma	short
20	4	the	the2	implausible	nocomma	short
20	5	song	NP2	implausible	nocomma	short
20	6	annoyed	VP2	implausible	nocomma	short
20	7	quite	Rest	implausible	nocomma	short
20	8	a	Rest	implausible	nocomma	short
20	9	few	Rest	implausible	nocomma	short
20	10	people.	Rest	implausible	nocomma	short
20	11	<eos>	End	implausible	nocomma	short
20	0	When	Start	plausible	comma	short
20	1	the	the1	plausible	comma	short
20	2	artist	NP1	plausible	comma	short
20	3	sang,	VP1	plausible	comma	short
20	4	the	the2	plausible	comma	short
20	5	song	NP2	plausible	comma	short
20	6	annoyed	VP2	plausible	comma	short
20	7	quite	Rest	plausible	comma	short
20	8	a	Rest	plausible	comma	short
20	9	few	Rest	plausible	comma	short
20	10	people.	Rest	plausible	comma	short
20	11	<eos>	End	plausible	comma	short
20	0	When	Start	implausible	comma	short
20	1	the	the1	implausible	comma	short
20	2	artist	NP1	implausible	comma	short
20	3	painted,	VP1	implausible	comma	short
20	4	the	the2	implausible	comma	short
20	5	song	NP2	implausible	comma	short
20	6	annoyed	VP2	implausible	comma	short
20	7	quite	Rest	implausible	comma	short
20	8	a	Rest	implausible	comma	short
20	9	few	Rest	implausible	comma	short
20	10	people.	Rest	implausible	comma	short
20	11	<eos>	End	implausible	comma	short
21	0	As	Start	plausible	nocomma	short
21	1	the	the1	plausible	nocomma	short
21	2	carpenter	NP1	plausible	nocomma	short
21	3	questions	VP1	plausible	nocomma	short
21	4	the	the2	plausible	nocomma	short
21	5	actor	NP2	plausible	nocomma	short
21	6	speaks	VP2	plausible	nocomma	short
21	7	very	Rest	plausible	nocomma	short
21	8	quietly.	Rest	plausible	nocomma	short
21	9	<eos>	End	plausible	nocomma	short
21	0	As	Start	implausible	nocomma	short
21	1	the	the1	implausible	nocomma	short
21	2	carpenter	NP1	implausible	nocomma	short
21	3	builds	VP1	implausible	nocomma	short
21	4	the	the2	implausible	nocomma	short
21	5	actor	NP2	implausible	nocomma	short
21	6	speaks	VP2	implausible	nocomma	short
21	7	very	Rest	implausible	nocomma	short
21	8	quietly.	Rest	implausible	nocomma	short
21	9	<eos>	End	implausible	nocomma	short
21	0	As	Start	plausible	comma	short
21	1	the	the1	plausible	comma	short
21	2	carpenter	NP1	plausible	comma	short
21	3	questions,	VP1	plausible	comma	short
21	4	the	the2	plausible	comma	short
21	5	actor	NP2	plausible	comma	short
21	6	speaks	VP2	plausible	comma	short
21	7	very	Rest	plausible	comma	short
21	8	quietly.	Rest	plausible	comma	short
21	9	<eos>	End	plausible	comma	short
21	0	As	Start	implausible	comma	short
21	1	the	the1	implausible	comma	short
21	2	carpenter	NP1	implausible	comma	short
21	3	builds,	VP1	implausible	comma	short
21	4	the	the2	implausible	comma	short
21	5	actor	NP2	implausible	comma	short
21	6	speaks	VP2	implausible	comma	short
21	7	very	Rest	implausible	comma	short
21	8	quietly.	Rest	implausible	comma	short
21	9	<eos>	End	implausible	comma	short
22	0	As	Start	plausible	nocomma	short
22	1	the	the1	plausible	nocomma	short
22	2	carpenter	NP1	plausible	nocomma	short
22	3	builds	VP1	plausible	nocomma	short
22	4	the	the2	plausible	nocomma	short
22	5	table	NP2	plausible	nocomma	short
22	6	breaks	VP2	plausible	nocomma	short
22	7	in	Rest	plausible	nocomma	short
22	8	the	Rest	plausible	nocomma	short
22	9	middle.	Rest	plausible	nocomma	short
22	10	<eos>	End	plausible	nocomma	short
22	0	As	Start	implausible	nocomma	short
22	1	the	the1	implausible	nocomma	short
22	2	carpenter	NP1	implausible	nocomma	short
22	3	questions	VP1	implausible	nocomma	short
22	4	the	the2	implausible	nocomma	short
22	5	table	NP2	implausible	nocomma	short
22	6	breaks	VP2	implausible	nocomma	short
22	7	in	Rest	implausible	nocomma	short
22	8	the	Rest	implausible	nocomma	short
22	9	middle.	Rest	implausible	nocomma	short
22	10	<eos>	End	implausible	nocomma	short
22	0	As	Start	plausible	comma	short
22	1	the	the1	plausible	comma	short
22	2	carpenter	NP1	plausible	comma	short
22	3	builds,	VP1	plausible	comma	short
22	4	the	the2	plausible	comma	short
22	5	table	NP2	plausible	comma	short
22	6	breaks	VP2	plausible	comma	short
22	7	in	Rest	plausible	comma	short
22	8	the	Rest	plausible	comma	short
22	9	middle.	Rest	plausible	comma	short
22	10	<eos>	End	plausible	comma	short
22	0	As	Start	implausible	comma	short
22	1	the	the1	implausible	comma	short
22	2	carpenter	NP1	implausible	comma	short
22	3	questions,	VP1	implausible	comma	short
22	4	the	the2	implausible	comma	short
22	5	table	NP2	implausible	comma	short
22	6	breaks	VP2	implausible	comma	short
22	7	in	Rest	implausible	comma	short
22	8	the	Rest	implausible	comma	short
22	9	middle.	Rest	implausible	comma	short
22	10	<eos>	End	implausible	comma	short
23	0	When	Start	plausible	nocomma	short
23	1	the	the1	plausible	nocomma	short
23	2	ambassador	NP1	plausible	nocomma	short
23	3	negotiated	VP1	plausible	nocomma	short
23	4	the	the2	plausible	nocomma	short
23	5	treaty	NP2	plausible	nocomma	short
23	6	upset	VP2	plausible	nocomma	short
23	7	many	Rest	plausible	nocomma	short
23	8	of	Rest	plausible	nocomma	short
23	9	the	Rest	plausible	nocomma	short
23	10	civilians.	Rest	plausible	nocomma	short
23	11	<eos>	End	plausible	nocomma	short
23	0	When	Start	implausible	nocomma	short
23	1	the	the1	implausible	nocomma	short
23	2	ambassador	NP1	implausible	nocomma	short
23	3	visited	VP1	implausible	nocomma	short
23	4	the	the2	implausible	nocomma	short
23	5	treaty	NP2	implausible	nocomma	short
23	6	upset	VP2	implausible	nocomma	short
23	7	many	Rest	implausible	nocomma	short
23	8	of	Rest	implausible	nocomma	short
23	9	the	Rest	implausible	nocomma	short
23	10	civilians.	Rest	implausible	nocomma	short
23	11	<eos>	End	implausible	nocomma	short
23	0	When	Start	plausible	comma	short
23	1	the	the1	plausible	comma	short
23	2	ambassador	NP1	plausible	comma	short
23	3	negotiated,	VP1	plausible	comma	short
23	4	the	the2	plausible	comma	short
23	5	treaty	NP2	plausible	comma	short
23	6	upset	VP2	plausible	comma	short
23	7	many	Rest	plausible	comma	short
23	8	of	Rest	plausible	comma	short
23	9	the	Rest	plausible	comma	short
23	10	civilians.	Rest	plausible	comma	short
23	11	<eos>	End	plausible	comma	short
23	0	When	Start	implausible	comma	short
23	1	the	the1	implausible	comma	short
23	2	ambassador	NP1	implausible	comma	short
23	3	visited,	VP1	implausible	comma	short
23	4	the	the2	implausible	comma	short
23	5	treaty	NP2	implausible	comma	short
23	6	upset	VP2	implausible	comma	short
23	7	many	Rest	implausible	comma	short
23	8	of	Rest	implausible	comma	short
23	9	the	Rest	implausible	comma	short
23	10	civilians.	Rest	implausible	comma	short
23	11	<eos>	End	implausible	comma	short
24	0	As	Start	plausible	nocomma	short
24	1	the	the1	plausible	nocomma	short
24	2	ambassador	NP1	plausible	nocomma	short
24	3	visited	VP1	plausible	nocomma	short
24	4	the	the2	plausible	nocomma	short
24	5	village	NP2	plausible	nocomma	short
24	6	asked	VP2	plausible	nocomma	short
24	7	the	Rest	plausible	nocomma	short
24	8	government	Rest	plausible	nocomma	short
24	9	for	Rest	plausible	nocomma	short
24	10	help.	Rest	plausible	nocomma	short
24	11	<eos>	End	plausible	nocomma	short
24	0	As	Start	implausible	nocomma	short
24	1	the	the1	implausible	nocomma	short
24	2	ambassador	NP1	implausible	nocomma	short
24	3	negotiated	VP1	implausible	nocomma	short
24	4	the	the2	implausible	nocomma	short
24	5	village	NP2	implausible	nocomma	short
24	6	asked	VP2	implausible	nocomma	short
24	7	the	Rest	implausible	nocomma	short
24	8	government	Rest	implausible	nocomma	short
24	9	for	Rest	implausible	nocomma	short
24	10	help.	Rest	implausible	nocomma	short
24	11	<eos>	End	implausible	nocomma	short
24	0	As	Start	plausible	comma	short
24	1	the	the1	plausible	comma	short
24	2	ambassador	NP1	plausible	comma	short
24	3	visited,	VP1	plausible	comma	short
24	4	the	the2	plausible	comma	short
24	5	village	NP2	plausible	comma	short
24	6	asked	VP2	plausible	comma	short
24	7	the	Rest	plausible	comma	short
24	8	government	Rest	plausible	comma	short
24	9	for	Rest	plausible	comma	short
24	10	help.	Rest	plausible	comma	short
24	11	<eos>	End	plausible	comma	short
24	0	As	Start	implausible	comma	short
24	1	the	the1	implausible	comma	short
24	2	ambassador	NP1	implausible	comma	short
24	3	negotiated,	VP1	implausible	comma	short
24	4	the	the2	implausible	comma	short
24	5	village	NP2	implausible	comma	short
24	6	asked	VP2	implausible	comma	short
24	7	the	Rest	implausible	comma	short
24	8	government	Rest	implausible	comma	short
24	9	for	Rest	implausible	comma	short
24	10	help.	Rest	implausible	comma	short
24	11	<eos>	End	implausible	comma	short
